ID;StartDate;EndDate;Duration (in seconds);Finished;UserLanguage;Consent;"non,blameAc";"non,blameSelf";"non,praiseAc";"non,praiseSelf";"ignorant,praiseAc";"ignorant,praiseSelf";"ignorant,blame,AC";"ignorant,blameSelf";Homophobia;Racism;Sexism;FreeWill;SDeterminism;Politics;Gender;Age;Education
1;2026-04-28 10:48:19;2026-04-28 10:50:41;141;1;EN-GB;1;;;4;2;;;;;1;1;1;5;3;4;2;24;4
2;2026-04-28 10:49:00;2026-04-28 10:51:58;177;1;EN-GB;1;;;;;;;7;5;2;2;2;5;6;4;1;27;2
3;2026-04-28 10:47:40;2026-04-28 10:52:49;309;1;EN-GB;1;;;;;7;5;;;1;2;2;7;6;6;1;35;2
4;2026-04-28 10:50:53;2026-04-28 10:53:13;140;1;EN-GB;1;7;7;;;;;;;2;1;2;6;5;1;1;25;4
5;2026-04-28 10:49:31;2026-04-28 10:53:52;261;1;EN-GB;1;;;;;;;6;7;2;2;2;5;6;1;2;21;2
6;2026-04-28 10:48:53;2026-04-28 10:54:27;333;1;EN-GB;1;7;7;;;;;;;2;1;1;7;4;1;3;23;2
7;2026-04-28 10:50:12;2026-04-28 10:54:42;269;1;EN-GB;1;;;;;1;4;;;1;2;2;7;7;1;1;24;2
8;2026-04-28 10:52:00;2026-04-28 10:54:56;176;1;EN-GB;1;;;;;4;4;;;1;1;1;7;7;7;2;55;4
9;2026-04-28 10:49:42;2026-04-28 10:55:33;350;1;EN-GB;1;7;7;;;;;;;3;2;2;6;3;1;2;37;5
10;2026-04-28 10:50:11;2026-04-28 10:55:55;343;1;EN-GB;1;;;6;6;;;;;2;2;2;4;5;3;2;18;2
11;2026-04-28 10:53:23;2026-04-28 10:56:10;167;1;EN-GB;1;;;1;3;;;;;2;2;2;7;7;1;2;25;2
12;2026-04-28 10:53:19;2026-04-28 10:56:24;184;1;EN-GB;1;;;;;;;7;7;1;1;2;4;4;1;1;37;2
13;2026-04-28 10:53:43;2026-04-28 10:56:52;188;1;EN-GB;1;;;;;7;5;;;2;2;1;4;2;2;3;28;5
14;2026-04-28 10:52:22;2026-04-28 10:57:00;277;1;EN-GB;1;;;6;6;;;;;1;1;1;5;5;4;2;39;3
15;2026-04-28 10:53:50;2026-04-28 10:57:04;193;1;EN-GB;1;7;7;;;;;;;1;2;2;7;5;3;1;51;5
16;2026-04-28 10:53:12;2026-04-28 10:57:37;265;1;EN-GB;1;;;;;;;7;5;2;1;2;5;6;4;2;34;3
17;2026-04-28 10:53:42;2026-04-28 10:59:02;319;1;EN-GB;1;;;;;;;5;6;1;1;1;7;3;7;2;44;2
18;2026-04-28 10:53:45;2026-04-28 10:59:34;349;1;EN-GB;1;7;7;;;;;;;1;2;1;2;2;3;2;49;4
19;2026-04-28 10:53:44;2026-04-28 10:59:46;361;1;EN-GB;1;;;;;3;3;;;2;2;2;7;6;1;1;54;4
20;2026-04-28 10:57:12;2026-04-28 11:00:20;187;1;EN-GB;1;;;3;5;;;;;2;2;2;5;5;2;2;41;5
21;2026-04-28 10:55:24;2026-04-28 11:00:59;334;1;EN-GB;1;;;2;5;;;;;2;2;2;6;2;2;2;34;2
22;2026-04-28 10:56:41;2026-04-28 11:02:04;322;1;EN-GB;1;;;;;4;5;;;2;2;2;5;4;4;2;35;2
23;2026-04-28 10:57:37;2026-04-28 11:02:44;307;1;EN-GB;1;;;6;7;;;;;1;2;2;7;4;2;2;27;4
24;2026-04-28 10:57:02;2026-04-28 11:03:02;359;1;EN-GB;1;;;;;;;6;7;2;2;2;6;6;6;1;47;4
25;2026-04-28 10:51:40;2026-04-28 11:03:08;688;1;EN-GB;1;;;;;6;7;;;1;2;2;7;5;1;1;46;4
26;2026-04-28 10:56:14;2026-04-28 11:03:24;429;1;EN-GB;1;7;1;;;;;;;2;2;2;7;1;1;2;37;4
27;2026-04-28 10:54:24;2026-04-28 11:03:25;541;1;EN-GB;1;;;;;;;5;1;2;2;1;7;7;7;2;22;2
28;2026-04-28 10:59:37;2026-04-28 11:04:37;300;1;EN-GB;1;;;;;6;4;;;2;2;2;4;3;1;1;37;4
29;2026-04-28 11:01:04;2026-04-28 11:04:55;231;1;EN-GB;1;;;1;6;;;;;1;2;1;4;5;6;2;28;3
30;2026-04-28 11:00:55;2026-04-28 11:04:58;242;1;EN-GB;1;7;7;;;;;;;2;2;2;6;6;4;1;45;4
31;2026-04-28 10:59:32;2026-04-28 11:05:16;344;1;EN-GB;1;7;6;;;;;;;2;2;2;6;6;4;1;49;1
32;2026-04-28 11:00:19;2026-04-28 11:05:22;302;1;EN-GB;1;;;4;7;;;;;2;2;2;4;4;2;1;66;2
33;2026-04-28 10:57:01;2026-04-28 11:05:38;516;1;EN-GB;1;7;7;;;;;;;2;2;2;5;4;4;1;43;2
34;2026-04-28 10:59:34;2026-04-28 11:05:41;366;1;EN-GB;1;;;;;6;3;;;1;2;2;2;4;2;1;50;3
35;2026-04-28 11:01:00;2026-04-28 11:05:55;294;1;EN-GB;1;;;;;;;5;4;2;2;2;7;7;1;2;37;2
36;2026-04-28 10:57:54;2026-04-28 11:05:57;482;1;EN-GB;1;;;4;3;;;;;2;2;2;6;5;3;2;35;3
37;2026-04-28 11:01:33;2026-04-28 11:06:03;270;1;EN-GB;1;7;6;;;;;;;1;2;1;7;7;4;2;55;2
38;2026-04-28 11:02:45;2026-04-28 11:06:10;204;1;EN-GB;1;;;;;;;7;7;1;1;1;6;6;6;1;44;2
39;2026-04-28 10:58:16;2026-04-28 11:06:22;486;1;EN-GB;1;;;;;;;6;7;2;2;1;5;4;6;2;30;2
40;2026-04-28 10:56:36;2026-04-28 11:08:24;707;1;EN-GB;1;;;;;;;7;7;1;2;1;5;4;4;2;22;4
41;2026-04-28 11:03:29;2026-04-28 11:08:58;328;1;EN-GB;1;;;2;2;;;;;1;2;1;5;3;4;2;36;2
42;2026-04-28 11:01:12;2026-04-28 11:09:15;482;1;EN-GB;1;;;;;6;7;;;2;1;1;7;1;4;2;40;4
43;2026-04-28 11:04:41;2026-04-28 11:09:21;279;1;EN-GB;1;;;5;6;;;;;1;2;1;7;7;3;2;29;4
44;2026-04-28 11:05:57;2026-04-28 11:10:10;253;1;EN-GB;1;;;;;;;5;6;1;2;2;5;3;2;2;34;4
45;2026-04-28 11:05:42;2026-04-28 11:10:15;273;1;EN-GB;1;;;;;;;4;6;2;2;2;4;2;4;3;34;2
46;2026-04-28 11:05:53;2026-04-28 11:10:15;261;1;EN-GB;1;7;5;;;;;;;1;2;1;4;4;4;2;19;2
47;2026-04-28 11:07:17;2026-04-28 11:10:19;182;1;EN-GB;1;;;2;4;;;;;2;2;2;4;2;1;1;24;4
48;2026-04-28 11:07:31;2026-04-28 11:11:31;240;1;EN-GB;1;;;;;7;6;;;1;1;1;3;3;5;1;28;5
49;2026-04-28 11:08:51;2026-04-28 11:12:58;247;1;EN-GB;1;;;5;5;;;;;1;2;1;1;7;1;2;37;5
50;2026-04-28 11:07:03;2026-04-28 11:13:18;375;1;EN-GB;1;;;;;2;2;;;2;2;2;3;3;1;1;30;2
51;2026-04-28 11:10:42;2026-04-28 11:13:30;168;1;EN-GB;1;;;5;6;;;;;2;2;1;6;6;6;1;24;5
52;2026-04-28 11:09:12;2026-04-28 11:13:33;261;1;EN-GB;1;;;;;5;6;;;2;2;2;5;4;4;2;22;4
53;2026-04-28 11:08:07;2026-04-28 11:13:35;327;1;EN-GB;1;;;;;;;6;7;1;1;1;6;6;5;1;37;4
54;2026-04-28 11:10:56;2026-04-28 11:13:49;173;1;EN-GB;1;7;1;;;;;;;1;2;1;7;4;4;2;25;2
55;2026-04-28 11:11:38;2026-04-28 11:14:05;147;1;EN-GB;1;;;;;;;7;5;2;1;2;5;4;1;1;32;2
56;2026-04-28 11:03:00;2026-04-28 11:14:26;685;1;EN-GB;1;7;4;;;;;;;1;2;1;5;7;3;2;41;2
57;2026-04-28 11:08:23;2026-04-28 11:15:06;403;1;EN-GB;1;7;7;;;;;;;2;2;2;7;4;4;1;47;4
58;2026-04-28 11:07:50;2026-04-28 11:15:09;438;1;EN-GB;1;7;7;;;;;;;2;2;2;6;5;2;1;50;5
59;2026-04-28 11:09:49;2026-04-28 11:15:30;341;1;EN-GB;1;;;;;5;4;;;2;2;2;3;7;2;1;38;2
60;2026-04-28 11:06:16;2026-04-28 11:15:50;573;1;EN-GB;1;;;3;5;;;;;2;1;2;6;5;4;1;62;4
61;2026-04-28 11:11:48;2026-04-28 11:16:16;268;1;EN-GB;1;;;;;;;6;7;1;1;2;6;5;5;1;30;2
62;2026-04-28 11:13:10;2026-04-28 11:16:30;199;1;EN-GB;1;7;7;;;;;;;1;2;2;7;5;5;1;57;3
63;2026-04-28 11:14:21;2026-04-28 11:16:56;154;1;EN-GB;1;;;6;5;;;;;2;2;2;5;5;4;1;43;3
64;2026-04-28 11:08:38;2026-04-28 11:17:12;513;1;EN-GB;1;;;;;7;3;;;1;2;3;5;7;5;1;22;2
65;2026-04-28 11:12:45;2026-04-28 11:17:46;300;1;EN-GB;1;;;3;4;;;;;1;1;1;6;4;1;2;53;4
66;2026-04-28 11:13:31;2026-04-28 11:17:59;268;1;EN-GB;1;;;;;1;2;;;2;1;2;5;2;1;1;29;2
67;2026-04-28 11:03:07;2026-04-28 11:18:22;914;1;EN-GB;1;7;7;;;;;;;1;1;2;6;2;1;1;48;2
68;2026-04-28 11:12:48;2026-04-28 11:19:23;394;1;EN-GB;1;7;7;;;;;;;1;1;2;5;5;1;1;60;2
69;2026-04-28 11:11:53;2026-04-28 11:19:36;462;1;EN-GB;1;;;;;7;7;;;2;2;2;6;6;1;1;39;5
70;2026-04-28 11:17:04;2026-04-28 11:19:56;171;1;EN-GB;1;;;;;4;3;;;1;2;1;7;6;4;2;30;4
71;2026-04-28 11:15:13;2026-04-28 11:20:02;289;1;EN-GB;1;;;4;5;;;;;1;1;2;5;4;6;1;57;3
72;2026-04-28 11:06:44;2026-04-28 11:20:08;803;1;EN-GB;1;;;;;;;7;7;2;2;2;7;7;7;2;26;4
73;2026-04-28 11:15:31;2026-04-28 11:20:18;287;1;EN-GB;1;;;;;;;7;7;2;2;2;5;5;1;1;44;2
74;2026-04-28 11:18:39;2026-04-28 11:20:25;106;1;EN-GB;1;7;5;;;;;;;2;1;2;4;5;1;1;34;2
75;2026-04-28 11:13:57;2026-04-28 11:20:42;404;1;EN-GB;1;;;;;;;5;4;1;2;2;4;4;7;1;67;2
76;2026-04-28 11:10:25;2026-04-28 11:21:36;671;1;EN-GB;1;;;4;6;;;;;2;1;1;6;7;4;2;45;5
77;2026-04-28 11:13:43;2026-04-28 11:21:54;490;1;EN-GB;1;7;7;;;;;;;2;2;1;4;5;4;1;23;3
78;2026-04-28 11:15:30;2026-04-28 11:22:29;418;1;EN-GB;1;6;4;;;;;;;3;2;1;3;3;2;2;22;2
79;2026-04-28 11:15:01;2026-04-28 11:23:04;483;1;EN-GB;1;;;4;5;;;;;2;2;2;5;5;3;1;23;4
80;2026-04-28 11:19:54;2026-04-28 11:23:12;197;1;EN-GB;1;;;;;6;5;;;2;2;2;6;5;5;2;54;4
81;2026-04-28 11:19:58;2026-04-28 11:23:21;203;1;EN-GB;1;7;7;;;;;;;2;2;1;7;7;1;2;40;5
82;2026-04-28 11:19:49;2026-04-28 11:24:33;284;1;EN-GB;1;;;6;7;;;;;2;2;2;6;5;6;2;45;5
83;2026-04-28 11:20:10;2026-04-28 11:24:54;284;1;EN-GB;1;;;2;6;;;;;1;1;1;7;6;7;1;49;4
84;2026-04-28 11:18:27;2026-04-28 11:25:23;415;1;EN-GB;1;;;;;4;5;;;1;2;2;5;7;4;1;32;3
85;2026-04-28 11:04:33;2026-04-28 11:25:33;1260;1;EN-GB;1;;;;;4;7;;;1;1;1;5;5;5;1;37;4
86;2026-04-28 11:19:52;2026-04-28 11:25:54;362;1;EN-GB;1;;;;;;;7;7;2;2;2;5;7;6;2;44;5
87;2026-04-28 11:22:32;2026-04-28 11:26:52;259;1;EN-GB;1;7;4;;;;;;;1;3;1;7;7;5;2;32;2
88;2026-04-28 11:22:21;2026-04-28 11:26:55;273;1;EN-GB;1;;;;;;;7;6;1;2;2;5;3;4;1;47;2
89;2026-04-28 11:18:43;2026-04-28 11:27:33;530;1;EN-GB;1;;;;;;;7;4;1;2;1;6;6;2;2;56;5
90;2026-04-28 11:24:15;2026-04-28 11:27:59;224;1;EN-GB;1;;;;;5;7;;;1;2;2;6;6;1;2;22;2
91;2026-04-28 11:22:03;2026-04-28 11:28:12;368;1;EN-GB;1;;;;;7;1;;;2;2;2;7;6;6;1;44;4
92;2026-04-28 11:26:18;2026-04-28 11:29:47;209;1;EN-GB;1;;;4;6;;;;;3;3;1;5;2;5;2;58;2
93;2026-04-28 11:27:04;2026-04-28 11:29:53;168;1;EN-GB;1;7;7;;;;;;;2;2;2;7;7;1;2;34;2
94;2026-04-28 11:26:22;2026-04-28 11:30:05;222;1;EN-GB;1;7;7;;;;;;;2;2;2;4;4;4;1;36;4
95;2026-04-28 11:24:19;2026-04-28 11:30:53;394;1;EN-GB;1;7;6;;;;;;;2;2;1;6;4;5;2;39;4
96;2026-04-28 11:28:58;2026-04-28 11:32:30;211;1;EN-GB;1;;;;;7;6;;;2;1;3;7;4;4;3;23;2
97;2026-04-28 11:30:30;2026-04-28 11:32:32;121;1;EN-GB;1;7;7;;;;;;;2;2;2;4;3;1;1;33;2
98;2026-04-28 11:26:49;2026-04-28 11:32:39;349;1;EN-GB;1;;;;;6;4;;;2;2;2;5;3;5;2;38;4
99;2026-04-28 11:29:25;2026-04-28 11:32:58;213;1;EN-GB;1;;;4;4;;;;;1;1;2;4;5;5;1;42;3
100;2026-04-28 11:22:47;2026-04-28 11:33:21;634;1;EN-GB;1;;;;;;;7;6;3;2;3;3;4;2;1;36;4
101;2026-04-28 11:26:43;2026-04-28 11:33:28;405;1;EN-GB;1;;;5;5;;;;;1;1;2;5;4;4;2;64;4
102;2026-04-28 11:29:41;2026-04-28 11:33:56;255;1;EN-GB;1;;;3;4;;;;;2;2;2;6;4;5;1;46;2
103;2026-04-28 11:28:10;2026-04-28 11:34:12;362;1;EN-GB;1;7;7;;;;;;;1;1;1;5;7;4;2;36;4
104;2026-04-28 11:28:37;2026-04-28 11:34:42;365;1;EN-GB;1;;;;;;;7;7;1;2;1;7;7;4;2;74;2
105;2026-04-28 11:31:25;2026-04-28 11:35:00;215;1;EN-GB;1;;;;;;;5;6;1;1;1;6;5;4;2;22;2
106;2026-04-28 11:25:12;2026-04-28 11:35:14;602;1;EN-GB;1;;;;;;;7;7;1;2;2;4;3;4;1;30;2
107;2026-04-28 11:31:29;2026-04-28 11:35:50;260;1;EN-GB;1;7;7;;;;;;;1;2;2;4;4;4;1;39;4
108;2026-04-28 11:32:09;2026-04-28 11:36:01;232;1;EN-GB;1;;;5;7;;;;;1;2;2;7;7;4;2;36;2
109;2026-04-28 11:32:47;2026-04-28 11:36:05;197;1;EN-GB;1;5;4;;;;;;;1;1;1;6;6;4;2;39;5
110;2026-04-28 11:26:14;2026-04-28 11:36:42;628;1;EN-GB;1;;;4;6;;;;;2;2;1;5;4;3;2;56;3
111;2026-04-28 11:28:24;2026-04-28 11:37:07;522;1;EN-GB;1;;;;;;;6;7;1;1;2;7;7;4;1;27;4
112;2026-04-28 11:35:01;2026-04-28 11:37:32;151;1;EN-GB;1;7;6;;;;;;;2;2;1;7;7;6;2;67;2
113;2026-04-28 11:28:18;2026-04-28 11:37:41;562;1;EN-GB;1;;;;;4;4;;;1;1;1;6;6;4;2;22;4
114;2026-04-28 11:29:40;2026-04-28 11:37:51;491;1;EN-GB;1;;;;;7;7;;;1;2;2;5;3;5;1;60;5
115;2026-04-28 11:31:35;2026-04-28 11:37:59;384;1;EN-GB;1;;;;;5;6;;;2;2;1;7;7;5;1;48;4
116;2026-04-28 11:33:23;2026-04-28 11:38:10;287;1;EN-GB;1;;;;;5;5;;;1;1;2;5;3;2;1;44;4
117;2026-04-28 11:34:28;2026-04-28 11:38:12;223;1;EN-GB;1;;;;;;;6;6;1;1;2;5;6;6;1;22;4
118;2026-04-28 11:35:29;2026-04-28 11:38:47;198;1;EN-GB;1;;;7;7;;;;;2;2;2;7;7;6;1;51;3
119;2026-04-28 11:28:45;2026-04-28 11:38:54;609;1;EN-GB;1;;;;;;;6;5;1;1;1;6;4;2;1;24;2
120;2026-04-28 11:33:16;2026-04-28 11:39:17;361;1;EN-GB;1;;;4;5;;;;;1;1;1;2;2;7;2;28;5
121;2026-04-28 11:36:17;2026-04-28 11:40:02;225;1;EN-GB;1;;;;;2;4;;;1;2;2;5;5;3;1;39;4
122;2026-04-28 11:36:32;2026-04-28 11:40:35;243;1;EN-GB;1;;;;;;;7;7;2;2;2;7;6;1;2;47;2
123;2026-04-28 11:37:00;2026-04-28 11:40:42;221;1;EN-GB;1;;;7;7;;;;;2;2;1;7;7;7;2;30;3
124;2026-04-28 11:36:15;2026-04-28 11:41:14;299;1;EN-GB;1;;;;;5;5;;;1;2;1;6;7;5;2;22;2
125;2026-04-28 11:37:23;2026-04-28 11:41:38;254;1;EN-GB;1;7;6;;;;;;;1;2;1;7;7;6;2;66;4
126;2026-04-28 11:36:25;2026-04-28 11:41:52;327;1;EN-GB;1;;;;;;;6;6;2;2;1;7;7;4;2;26;3
127;2026-04-28 11:34:32;2026-04-28 11:42:04;452;1;EN-GB;1;;;1;7;;;;;2;2;2;4;4;4;1;33;7
128;2026-04-28 11:36:27;2026-04-28 11:42:11;343;1;EN-GB;1;;;;;4;5;;;2;2;2;5;3;4;1;32;2
129;2026-04-28 11:38:34;2026-04-28 11:42:19;225;1;EN-GB;1;;;2;5;;;;;1;1;2;6;3;4;1;45;3
130;2026-04-28 11:35:55;2026-04-28 11:42:40;404;1;EN-GB;1;7;7;;;;;;;2;2;2;4;6;5;2;28;5
131;2026-04-28 11:35:23;2026-04-28 11:42:43;439;1;EN-GB;1;7;7;;;;;;;3;1;1;7;7;4;2;28;5
132;2026-04-28 11:37:53;2026-04-28 11:42:56;303;1;EN-GB;1;;;5;4;;;;;2;2;2;4;4;4;1;38;2
133;2026-04-28 11:39:54;2026-04-28 11:43:06;191;1;EN-GB;1;;;;;;;7;7;1;2;1;7;7;7;2;29;4
134;2026-04-28 11:34:49;2026-04-28 11:43:16;507;1;EN-GB;1;;;6;5;;;;;1;2;1;6;7;4;2;26;7
135;2026-04-28 11:34:27;2026-04-28 11:43:41;553;1;EN-GB;1;;;;;;;7;7;1;1;2;4;4;7;1;71;5
136;2026-04-28 11:35:37;2026-04-28 11:43:43;486;1;EN-GB;1;;;;;;;7;7;1;1;1;5;4;5;1;30;4
137;2026-04-28 11:35:43;2026-04-28 11:43:47;484;1;EN-GB;1;;;;;;;7;7;1;2;2;7;7;4;1;45;2
138;2026-04-28 11:33:30;2026-04-28 11:43:49;618;1;EN-GB;1;;;;;2;1;;;1;1;1;7;4;5;1;46;1
139;2026-04-28 11:39:31;2026-04-28 11:44:01;269;1;EN-GB;1;;;;;2;7;;;2;2;2;5;4;4;2;21;2
140;2026-04-28 11:33:41;2026-04-28 11:45:00;678;1;EN-GB;1;7;7;;;;;;;1;1;1;7;1;1;1;40;4
141;2026-04-28 11:41:11;2026-04-28 11:45:25;253;1;EN-GB;1;7;6;;;;;;;2;2;2;7;5;4;2;26;4
142;2026-04-28 11:41:55;2026-04-28 11:45:57;241;1;EN-GB;1;7;7;;;;;;;1;2;2;6;5;5;1;29;4
143;2026-04-28 11:47:52;2026-04-28 11:49:45;112;1;EN-GB;1;7;4;;;;;;;1;2;2;5;3;4;2;38;5
144;2026-04-28 11:45:02;2026-04-28 11:49:48;285;1;EN-GB;1;;;;;6;6;;;2;2;2;6;6;6;2;32;5
145;2026-04-28 11:46:58;2026-04-28 11:52:05;306;1;EN-GB;1;;;;;;;7;7;1;2;2;7;6;6;1;29;2
146;2026-04-28 11:49:30;2026-04-28 11:53:00;210;1;EN-GB;1;;;3;5;;;;;1;2;2;3;3;5;1;29;3
147;2026-04-28 11:41:37;2026-04-28 11:53:45;728;1;EN-GB;1;;;4;6;;;;;1;2;1;5;5;2;1;46;4
148;2026-04-28 11:31:08;2026-04-28 11:53:59;1370;1;EN-GB;1;;;;;4;6;;;2;1;2;5;6;5;2;40;5
149;2026-04-28 11:45:17;2026-04-28 11:54:08;530;1;EN-GB;1;;;;;4;4;;;1;2;2;4;4;2;1;63;4
150;2026-04-28 11:50:38;2026-04-28 11:54:16;217;1;EN-GB;1;;;;;;;7;5;2;2;2;6;5;3;1;53;2
151;2026-04-28 11:48:49;2026-04-28 11:54:27;338;1;EN-GB;1;7;7;;;;;;;1;1;1;5;7;3;2;71;2
152;2026-04-28 11:50:09;2026-04-28 11:55:15;305;1;EN-GB;1;;;;;3;3;;;1;2;2;5;6;6;1;30;4
153;2026-04-28 11:52:45;2026-04-28 11:55:15;150;1;EN-GB;1;;;;;;;6;3;2;2;2;4;5;4;1;20;2
154;2026-04-28 11:47:31;2026-04-28 11:56:03;512;1;EN-GB;1;;;4;5;;;;;2;2;1;6;5;1;1;22;4
155;2026-04-28 11:53:23;2026-04-28 11:56:31;187;1;EN-GB;1;7;7;;;;;;;2;1;2;7;6;4;1;33;2
156;2026-04-28 11:51:39;2026-04-28 11:57:09;330;1;EN-GB;1;7;7;;;;;;;1;1;1;4;5;4;2;29;2
157;2026-04-28 11:51:59;2026-04-28 11:57:41;341;1;EN-GB;1;;;4;7;;;;;2;2;2;7;7;3;1;45;3
158;2026-04-28 11:43:19;2026-04-28 11:58:29;910;1;EN-GB;1;;;;;;;6;5;2;2;2;4;3;4;2;34;3
159;2026-04-28 11:55:07;2026-04-28 11:58:49;221;1;EN-GB;1;;;;;2;2;;;1;1;2;6;6;1;1;50;5
160;2026-04-28 11:54:54;2026-04-28 11:59:01;247;1;EN-GB;1;;;2;1;;;;;2;1;2;6;5;2;1;28;3
161;2026-04-28 11:56:28;2026-04-28 12:00:25;237;1;EN-GB;1;7;7;;;;;;;2;1;2;7;5;4;1;20;2
162;2026-04-28 11:54:05;2026-04-28 12:01:19;433;1;EN-GB;1;;;;;;;7;1;1;2;2;4;4;7;1;60;2
163;2026-04-28 11:49:19;2026-04-28 12:02:08;769;1;EN-GB;1;;;;;4;5;;;1;2;2;5;6;6;1;37;4
164;2026-04-28 11:56:20;2026-04-28 12:02:29;368;1;EN-GB;1;6;6;;;;;;;1;2;2;7;7;4;1;31;2
165;2026-04-28 11:53:37;2026-04-28 12:02:33;535;1;EN-GB;1;;;3;4;;;;;2;2;2;5;4;4;1;42;4
166;2026-04-28 11:51:43;2026-04-28 12:03:01;678;1;EN-GB;1;;;;;;;7;7;1;1;1;7;4;4;2;52;4
167;2026-04-28 11:59:01;2026-04-28 12:03:17;255;1;EN-GB;1;;;5;7;;;;;2;2;2;5;5;3;2;47;4
168;2026-04-28 11:51:55;2026-04-28 12:04:08;733;1;EN-GB;1;;;;;4;4;;;1;1;1;4;4;4;1;48;2
169;2026-04-28 12:02:07;2026-04-28 12:06:34;267;1;EN-GB;1;;;;;4;7;;;1;1;1;1;1;1;2;43;2
170;2026-04-28 12:00:06;2026-04-28 12:06:38;392;1;EN-GB;1;;;;;4;5;;;2;1;2;4;4;1;1;20;2
171;2026-04-28 12:02:15;2026-04-28 12:06:46;271;1;EN-GB;1;;;4;3;;;;;1;1;2;6;4;7;1;25;2
172;2026-04-28 12:05:05;2026-04-28 12:08:05;179;1;EN-GB;1;;;1;5;;;;;1;2;2;7;7;4;1;19;2
173;2026-04-28 12:01:03;2026-04-28 12:09:05;482;1;EN-GB;1;;;;;;;7;7;2;1;1;5;4;2;2;63;2
174;2026-04-28 12:06:08;2026-04-28 12:09:07;179;1;EN-GB;1;;;;;6;1;;;1;1;1;7;7;6;2;25;2
175;2026-04-28 12:00:59;2026-04-28 12:09:13;493;1;EN-GB;1;7;7;;;;;;;1;2;1;5;6;4;2;45;4
176;2026-04-28 12:04:24;2026-04-28 12:09:20;296;1;EN-GB;1;7;6;;;;;;;2;2;2;4;5;1;1;35;2
177;2026-04-28 12:02:41;2026-04-28 12:09:51;430;1;EN-GB;1;;;;;5;2;;;1;1;2;6;4;1;1;36;4
178;2026-04-28 12:05:05;2026-04-28 12:10:14;309;1;EN-GB;1;;;;;;;7;4;2;2;2;6;1;4;1;34;4
179;2026-04-28 12:01:37;2026-04-28 12:10:48;551;1;EN-GB;1;6;7;;;;;;;1;2;1;6;5;6;1;50;7
180;2026-04-28 12:03:05;2026-04-28 12:11:44;518;1;EN-GB;1;;;;;;;4;7;1;1;2;7;5;3;1;55;2
181;2026-04-28 12:04:26;2026-04-28 12:11:48;442;1;EN-GB;1;;;5;3;;;;;1;2;1;6;6;6;1;35;3
182;2026-04-28 12:07:06;2026-04-28 12:12:03;296;1;EN-GB;1;;;;;;;4;4;1;1;1;5;7;6;1;37;2
183;2026-04-28 12:06:38;2026-04-28 12:12:20;341;1;EN-GB;1;;;6;6;;;;;2;2;2;5;6;6;1;34;4
184;2026-04-28 12:05:13;2026-04-28 12:12:42;449;1;EN-GB;1;;;;;6;5;;;2;2;2;6;4;5;2;54;2
185;2026-04-28 12:00:23;2026-04-28 12:13:21;777;1;EN-GB;1;;;;;;;7;1;2;2;2;7;7;4;2;42;7
186;2026-04-28 12:07:09;2026-04-28 12:13:23;373;1;EN-GB;1;7;6;;;;;;;1;1;1;7;5;5;2;28;3
187;2026-04-28 12:09:29;2026-04-28 12:14:16;286;1;EN-GB;1;;;;;;;6;5;2;2;2;5;4;4;3;64;3
188;2026-04-28 12:12:17;2026-04-28 12:14:23;125;1;EN-GB;1;;;2;5;;;;;2;1;1;7;7;1;1;25;2
189;2026-04-28 12:09:38;2026-04-28 12:14:23;284;1;EN-GB;1;;;;;4;3;;;2;2;2;5;3;4;2;44;4
190;2026-04-28 12:03:46;2026-04-28 12:14:29;643;1;EN-GB;1;7;1;;;;;;;2;2;2;3;4;3;1;34;2
191;2026-04-28 12:11:59;2026-04-28 12:18:04;365;1;EN-GB;1;;;;;;;1;7;1;1;1;7;7;1;1;22;2
192;2026-04-28 12:15:03;2026-04-28 12:19:26;262;1;EN-GB;1;7;6;;;;;;;1;3;1;6;6;3;1;22;2
193;2026-04-28 12:12:07;2026-04-28 12:19:43;456;1;EN-GB;1;;;;;1;1;;;1;2;2;7;7;3;2;30;2
194;2026-04-28 12:17:52;2026-04-28 12:20:08;135;1;EN-GB;1;;;4;4;;;;;1;2;2;7;7;4;2;31;4
195;2026-04-28 12:15:42;2026-04-28 12:20:37;295;1;EN-GB;1;;;;;5;3;;;2;2;2;7;4;2;2;40;4
196;2026-04-28 12:09:13;2026-04-28 12:20:46;693;1;EN-GB;1;;;3;3;;;;;2;2;2;7;4;6;1;51;2
197;2026-04-28 12:17:04;2026-04-28 12:21:57;292;1;EN-GB;1;;;1;7;;;;;1;2;1;7;7;5;2;28;3
198;2026-04-28 12:16:06;2026-04-28 12:22:24;378;1;EN-GB;1;;;;;;;5;4;2;2;2;5;5;6;1;46;3
199;2026-04-28 12:06:49;2026-04-28 12:22:31;942;1;EN-GB;1;;;;;;;6;6;1;2;2;5;5;5;1;50;2
200;2026-04-28 12:15:43;2026-04-28 12:22:41;417;1;EN-GB;1;7;1;;;;;;;1;2;1;7;1;1;1;36;4
201;2026-04-28 12:16:25;2026-04-28 12:23:53;448;1;EN-GB;1;7;7;;;;;;;2;1;2;6;4;6;2;43;5
202;2026-04-28 12:20:48;2026-04-28 12:24:00;192;1;EN-GB;1;;;;;;;7;7;2;2;1;7;7;3;2;26;4
203;2026-04-28 12:21:56;2026-04-28 12:24:12;135;1;EN-GB;1;;;;;1;3;;;2;2;2;5;4;1;1;21;4
204;2026-04-28 12:14:58;2026-04-28 12:26:02;663;1;EN-GB;1;;;;;7;7;;;2;2;1;5;3;1;2;42;7
205;2026-04-28 12:22:56;2026-04-28 12:27:12;256;1;EN-GB;1;7;7;;;;;;;2;2;2;5;5;5;2;41;2
206;2026-04-28 12:23:39;2026-04-28 12:28:58;318;1;EN-GB;1;;;;;;;7;7;1;1;2;6;7;4;1;30;2
207;2026-04-28 12:21:39;2026-04-28 12:28:59;439;1;EN-GB;1;;;4;2;;;;;2;1;1;4;2;5;2;47;2
208;2026-04-28 12:24:41;2026-04-28 12:29:02;260;1;EN-GB;1;7;6;;;;;;;2;1;1;6;7;2;2;28;1
209;2026-04-28 12:23:15;2026-04-28 12:29:21;366;1;EN-GB;1;;;;;7;6;;;2;2;2;6;6;2;3;72;2
210;2026-04-28 12:25:17;2026-04-28 12:29:44;266;1;EN-GB;1;;;3;4;;;;;1;1;2;4;4;7;1;40;5
211;2026-04-28 12:23:41;2026-04-28 12:30:16;394;1;EN-GB;1;;;;;;;6;6;1;2;2;5;3;2;1;25;4
212;2026-04-28 12:28:37;2026-04-28 12:32:20;222;1;EN-GB;1;7;7;;;;;;;2;2;2;6;4;4;2;42;4
213;2026-04-28 12:22:27;2026-04-28 12:32:32;605;1;EN-GB;1;7;1;;;;;;;1;2;1;5;7;1;1;60;4
214;2026-04-28 12:27:46;2026-04-28 12:33:18;331;1;EN-GB;1;;;;;7;5;;;1;2;2;4;5;5;1;38;5
215;2026-04-28 12:29:56;2026-04-28 12:34:44;288;1;EN-GB;1;;;;;1;5;;;1;1;2;6;4;1;1;40;4
216;2026-04-28 12:30:08;2026-04-28 12:35:27;318;1;EN-GB;1;;;;;;;7;7;1;2;1;7;7;5;2;44;2
217;2026-04-28 12:25:57;2026-04-28 12:36:21;623;1;EN-GB;1;;;;;7;7;;;1;2;1;7;7;7;1;54;2
218;2026-04-28 12:32:16;2026-04-28 12:36:50;274;1;EN-GB;1;;;4;3;;;;;1;1;2;6;6;2;1;55;5
219;2026-04-28 12:28:40;2026-04-28 12:37:00;499;1;EN-GB;1;;;3;5;;;;;1;2;2;5;4;4;1;45;4
220;2026-04-28 12:34:12;2026-04-28 12:37:26;193;1;EN-GB;1;7;6;;;;;;;1;1;1;7;7;7;1;68;4
221;2026-04-28 12:32:11;2026-04-28 12:38:07;355;1;EN-GB;1;;;;;;;6;6;1;2;2;5;6;2;2;45;5
222;2026-04-28 12:38:15;2026-04-28 12:41:06;171;1;EN-GB;1;;;;;7;7;;;1;2;1;5;6;4;1;44;5
223;2026-04-28 12:38:00;2026-04-28 12:41:37;217;1;EN-GB;1;;;;;;;6;6;2;2;2;5;5;1;2;38;5
224;2026-04-28 12:39:12;2026-04-28 12:42:55;222;1;EN-GB;1;;;2;5;;;;;1;1;1;7;3;6;2;27;4
225;2026-04-28 12:40:11;2026-04-28 12:46:17;365;1;EN-GB;1;;;;;2;4;;;1;1;1;7;6;6;2;58;2
226;2026-04-28 12:42:11;2026-04-28 12:47:18;306;1;EN-GB;1;;;;;;;4;5;1;1;2;7;4;1;1;35;4
227;2026-04-28 12:44:28;2026-04-28 12:47:38;190;1;EN-GB;1;;;1;1;;;;;2;2;2;3;2;1;1;58;4
228;2026-04-28 12:41:53;2026-04-28 12:47:49;355;1;EN-GB;1;7;7;;;;;;;1;2;2;4;3;3;2;73;4
229;2026-04-28 12:38:16;2026-04-28 12:48:47;630;1;EN-GB;1;7;7;;;;;;;3;1;1;7;5;4;2;48;3
230;2026-04-28 12:50:12;2026-04-28 12:52:08;115;1;EN-GB;1;;;;;4;5;;;1;1;1;5;4;2;2;24;7
231;2026-04-28 12:49:39;2026-04-28 12:52:43;183;1;EN-GB;1;;;1;7;;;;;2;2;2;6;5;1;2;30;4
232;2026-04-28 12:43:30;2026-04-28 12:53:27;596;1;EN-GB;1;;;;;;;4;6;1;1;1;6;7;6;1;26;4
233;2026-04-28 12:44:58;2026-04-28 12:55:17;619;1;EN-GB;1;7;7;;;;;;;1;2;2;7;7;6;2;66;4
234;2026-04-28 12:41:47;2026-04-28 12:55:54;846;1;EN-GB;1;;;4;2;;;;;2;2;2;4;5;3;1;22;4
235;2026-04-28 12:48:23;2026-04-28 12:55:56;452;1;EN-GB;1;4;5;;;;;;;1;2;2;7;5;3;2;71;7
236;2026-04-28 12:55:35;2026-04-28 12:58:05;149;1;EN-GB;1;;;;;5;7;;;1;2;1;7;4;4;2;23;2
237;2026-04-28 12:43:53;2026-04-28 12:59:16;922;1;EN-GB;1;;;;;6;6;;;1;1;1;7;7;7;1;42;3
238;2026-04-28 12:49:08;2026-04-28 13:00:11;662;1;EN-GB;1;;;;;;;7;7;1;1;1;7;7;6;1;39;6
239;2026-04-28 12:56:35;2026-04-28 13:01:04;268;1;EN-GB;1;;;1;1;;;;;1;2;2;6;3;3;1;23;3
240;2026-04-28 13:00:18;2026-04-28 13:01:50;91;1;EN-GB;1;7;7;;;;;;;2;2;1;7;7;4;1;22;2
241;2026-04-28 12:56:29;2026-04-28 13:02:30;361;1;EN-GB;1;;;;;;;7;7;1;2;2;7;6;2;2;72;5
242;2026-04-28 12:58:37;2026-04-28 13:02:43;246;1;EN-GB;1;;;;;4;6;;;2;2;2;4;6;4;1;37;2
243;2026-04-28 12:48:33;2026-04-28 13:03:48;915;1;EN-GB;1;;;;;;;7;6;2;2;2;7;7;6;2;45;5
244;2026-04-28 12:50:38;2026-04-28 13:03:56;797;1;EN-GB;1;7;7;;;;;;;1;2;2;6;4;3;1;42;2
245;2026-04-28 13:03:31;2026-04-28 13:05:57;145;1;EN-GB;1;;;;;3;5;;;1;2;2;6;6;4;2;23;4
246;2026-04-28 13:02:02;2026-04-28 13:06:38;275;1;EN-GB;1;;;2;5;;;;;1;1;2;3;6;4;1;22;2
247;2026-04-28 13:08:35;2026-04-28 13:13:32;296;1;EN-GB;1;6;6;;;;;;;1;1;1;5;4;4;2;33;3
248;2026-04-28 13:12:00;2026-04-28 13:16:08;248;1;EN-GB;1;;;;;;;6;4;1;1;1;5;4;6;2;32;4
249;2026-04-28 13:10:23;2026-04-28 13:16:34;371;1;EN-GB;1;;;6;7;;;;;1;2;2;7;7;3;2;45;2
250;2026-04-28 13:15:01;2026-04-28 13:27:48;766;1;EN-GB;1;;;6;6;;;;;1;2;2;6;5;6;2;35;3
251;2026-04-28 13:28:26;2026-04-28 13:30:36;130;1;EN-GB;1;7;7;;;;;;;2;2;2;2;3;2;2;25;4
252;2026-04-28 13:33:55;2026-04-28 13:38:07;252;1;EN-GB;1;;;;;7;1;;;2;2;2;6;7;3;1;61;3
253;2026-04-28 13:37:08;2026-04-28 13:40:06;178;1;EN-GB;1;;;;;;;7;7;2;2;2;7;2;1;2;41;2
254;2026-04-28 13:38:22;2026-04-28 13:42:03;220;1;EN-GB;1;7;7;;;;;;;2;2;2;6;6;2;1;26;2
255;2026-04-28 13:34:15;2026-04-28 13:44:30;615;1;EN-GB;1;;;;;;;7;5;2;2;2;5;3;4;1;48;4
256;2026-04-28 13:43:23;2026-04-28 13:47:39;256;1;EN-GB;1;;;2;5;;;;;2;2;2;4;4;5;2;42;2
257;2026-04-28 13:43:18;2026-04-28 13:48:19;300;1;EN-GB;1;;;;;5;5;;;2;2;2;5;4;5;2;25;2
258;2026-04-28 13:46:02;2026-04-28 13:49:25;203;1;EN-GB;1;;;4;7;;;;;1;1;2;7;3;2;2;24;3
259;2026-04-28 13:47:06;2026-04-28 13:49:29;142;1;EN-GB;1;;;;;5;7;;;1;1;1;6;5;4;2;25;4
260;2026-04-28 13:50:05;2026-04-28 13:52:15;130;1;EN-GB;1;7;6;;;;;;;2;2;2;5;4;2;2;55;2
261;2026-04-28 13:45:55;2026-04-28 14:02:06;971;1;EN-GB;1;;;;;;;6;7;1;2;1;7;4;6;2;41;5
262;2026-04-28 13:58:22;2026-04-28 14:03:20;297;1;EN-GB;1;;;;;;;7;7;1;1;1;6;6;4;1;38;6
263;2026-04-28 14:03:27;2026-04-28 14:06:30;182;1;EN-GB;1;;;;;5;6;;;3;1;1;5;6;5;2;43;5
264;2026-04-28 14:03:00;2026-04-28 14:08:08;307;1;EN-GB;1;;;5;4;;;;;1;1;2;6;5;2;1;27;6
265;2026-04-28 14:08:32;2026-04-28 14:10:55;142;1;EN-GB;1;;;;;;;6;6;1;1;2;7;7;4;2;58;4
266;2026-04-28 14:10:40;2026-04-28 14:13:55;194;1;EN-GB;1;7;3;;;;;;;1;1;1;7;7;5;1;56;4
267;2026-04-28 14:11:15;2026-04-28 14:16:38;323;1;EN-GB;1;;;;;5;3;;;1;2;2;5;3;4;2;41;4
268;2026-04-28 14:13:21;2026-04-28 14:17:43;262;1;EN-GB;1;;;;;2;4;;;1;2;2;5;5;2;2;32;3
269;2026-04-28 14:11:22;2026-04-28 14:19:20;478;1;EN-GB;1;;;4;7;;;;;2;2;1;3;5;2;2;39;2
270;2026-04-28 14:15:02;2026-04-28 14:20:06;304;1;EN-GB;1;7;1;;;;;;;1;2;2;7;7;4;1;40;2
271;2026-04-28 14:16:27;2026-04-28 14:20:29;241;1;EN-GB;1;;;;;;;7;7;1;2;1;7;7;1;2;33;5
272;2026-04-28 14:06:45;2026-04-28 14:31:22;1477;1;EN-GB;1;;;7;6;;;;;1;1;1;5;6;6;1;39;4
273;2026-04-28 14:33:26;2026-04-28 14:38:43;316;1;EN-GB;1;;;;;;;7;4;1;1;1;5;5;4;2;37;2
274;2026-04-28 14:48:39;2026-04-28 14:51:57;198;1;EN-GB;1;7;5;;;;;;;3;2;2;5;5;3;2;38;2
275;2026-04-28 14:52:48;2026-04-28 14:57:10;261;1;EN-GB;1;;;4;5;;;;;2;2;2;6;6;5;1;50;3
276;2026-04-28 14:55:36;2026-04-28 14:59:53;257;1;EN-GB;1;;;;;;;7;6;1;2;2;7;7;3;1;32;4
