ID;StartDate;EndDate;Duration (in seconds);Finished;UserLanguage;Consent;"non,blameAc";"non,blameSelf";"non,praiseAc";"non,praiseSelf";"ignorant,praiseAc";"ignorant,praiseSelf";"ignorant,blame,AC";"ignorant,blameSelf";Gender;Age
1;2026-04-17 09:27:46;2026-04-17 09:29:05;79;1;EN-GB;1;;;2;4;;;;;2;28
2;2026-04-17 09:27:53;2026-04-17 09:29:21;87;1;EN-GB;1;;;;;4;2;;;1;31
3;2026-04-17 09:27:42;2026-04-17 09:30:39;176;1;EN-GB;1;7;4;;;;;;;2;31
4;2026-04-17 09:28:20;2026-04-17 09:31:09;168;1;EN-GB;1;;;;;4;6;;;2;22
5;2026-04-17 09:27:45;2026-04-17 09:31:12;206;1;EN-GB;1;;;;;;;7;3;2;25
6;2026-04-17 09:27:59;2026-04-17 09:31:36;216;1;EN-GB;1;7;4;;;;;;;1;40
7;2026-04-17 09:29:28;2026-04-17 09:31:37;129;1;EN-GB;1;;;4;7;;;;;2;20
8;2026-04-17 09:29:31;2026-04-17 09:31:58;147;1;EN-GB;1;;;;;;;6;6;2;62
9;2026-04-17 09:28:10;2026-04-17 09:32:03;232;1;EN-GB;1;;;;;2;7;;;2;29
10;2026-04-17 09:29:55;2026-04-17 09:32:18;143;1;EN-GB;1;;;6;5;;;;;2;22
11;2026-04-17 09:28:02;2026-04-17 09:32:32;269;1;EN-GB;1;;;7;7;;;;;1;58
12;2026-04-17 09:30:05;2026-04-17 09:32:47;161;1;EN-GB;1;;;;;6;5;;;2;18
13;2026-04-17 09:28:29;2026-04-17 09:33:16;286;1;EN-GB;1;7;6;;;;;;;1;26
14;2026-04-17 09:29:19;2026-04-17 09:33:31;252;1;EN-GB;1;7;7;;;;;;;1;35
15;2026-04-17 09:30:05;2026-04-17 09:33:39;213;1;EN-GB;1;;;7;1;;;;;2;39
16;2026-04-17 09:29:06;2026-04-17 09:34:16;309;1;EN-GB;1;;;4;7;;;;;2;51
17;2026-04-17 09:31:19;2026-04-17 09:34:20;181;1;EN-GB;1;;;;;6;5;;;2;20
18;2026-04-17 09:32:00;2026-04-17 09:34:26;146;1;EN-GB;1;7;7;;;;;;;2;28
19;2026-04-17 09:31:25;2026-04-17 09:34:30;184;1;EN-GB;1;;;;;;;7;4;2;38
20;2026-04-17 09:32:31;2026-04-17 09:35:08;157;1;EN-GB;1;;;;;;;6;7;1;34
21;2026-04-17 09:29:40;2026-04-17 09:35:55;374;1;EN-GB;1;;;;;;;5;5;1;45
22;2026-04-17 09:30:34;2026-04-17 09:36:00;325;1;EN-GB;1;7;7;;;;;;;2;40
23;2026-04-17 09:34:11;2026-04-17 09:36:13;121;1;EN-GB;1;;;3;2;;;;;1;24
24;2026-04-17 09:34:13;2026-04-17 09:36:14;120;1;EN-GB;1;7;6;;;;;;;1;39
25;2026-04-17 09:34:19;2026-04-17 09:36:36;137;1;EN-GB;1;;;;;;;5;4;2;25
26;2026-04-17 09:29:24;2026-04-17 09:36:41;436;1;EN-GB;1;;;;;3;6;;;1;38
27;2026-04-17 09:32:05;2026-04-17 09:36:46;280;1;EN-GB;1;;;5;1;;;;;1;38
28;2026-04-17 09:29:04;2026-04-17 09:36:51;466;1;EN-GB;1;;;;;;;4;5;2;46
29;2026-04-17 09:33:33;2026-04-17 09:36:51;197;1;EN-GB;1;;;;;7;4;;;2;33
30;2026-04-17 09:32:38;2026-04-17 09:36:58;260;1;EN-GB;1;;;;;4;6;;;1;33
31;2026-04-17 09:32:25;2026-04-17 09:37:03;278;1;EN-GB;1;;;;;3;5;;;1;45
32;2026-04-17 09:33:52;2026-04-17 09:37:18;205;1;EN-GB;1;;;;;;;7;7;1;60
33;2026-04-17 09:31:24;2026-04-17 09:37:41;376;1;EN-GB;1;;;4;3;;;;;1;38
34;2026-04-17 09:35:34;2026-04-17 09:38:28;174;1;EN-GB;1;;;;;;;7;7;1;30
35;2026-04-17 09:36:39;2026-04-17 09:38:47;127;1;EN-GB;1;;;;;4;5;;;2;23
36;2026-04-17 09:34:16;2026-04-17 09:38:54;277;1;EN-GB;1;;;2;1;;;;;1;51
37;2026-04-17 09:37:18;2026-04-17 09:38:56;98;1;EN-GB;1;;;7;6;;;;;2;21
38;2026-04-17 09:28:05;2026-04-17 09:39:38;693;1;EN-GB;1;7;7;;;;;;;1;24
39;2026-04-17 09:30:37;2026-04-17 09:39:54;556;1;EN-GB;1;7;7;;;;;;;2;26
40;2026-04-17 09:38:40;2026-04-17 09:39:55;74;1;EN-GB;1;;;4;5;;;;;2;31
41;2026-04-17 09:36:08;2026-04-17 09:39:59;230;1;EN-GB;1;;;;;;;7;7;3;53
42;2026-04-17 09:35:21;2026-04-17 09:40:19;297;1;EN-GB;1;;;5;7;;;;;1;36
43;2026-04-17 09:36:41;2026-04-17 09:41:14;273;1;EN-GB;1;;;;;;;7;6;2;25
44;2026-04-17 09:35:41;2026-04-17 09:41:20;338;1;EN-GB;1;;;;;6;6;;;2;38
45;2026-04-17 09:37:37;2026-04-17 09:41:34;237;1;EN-GB;1;;;;;;;6;7;1;62
46;2026-04-17 09:35:56;2026-04-17 09:41:40;344;1;EN-GB;1;7;7;;;;;;;1;46
47;2026-04-17 09:38:37;2026-04-17 09:41:43;185;1;EN-GB;1;7;7;;;;;;;1;30
48;2026-04-17 09:35:38;2026-04-17 09:42:13;394;1;EN-GB;1;;;;;;;7;7;2;40
49;2026-04-17 09:39:50;2026-04-17 09:42:29;159;1;EN-GB;1;;;3;3;;;;;2;32
50;2026-04-17 09:40:36;2026-04-17 09:42:37;120;1;EN-GB;1;;;4;5;;;;;2;35
51;2026-04-17 09:40:10;2026-04-17 09:42:58;167;1;EN-GB;1;7;6;;;;;;;1;39
52;2026-04-17 09:37:15;2026-04-17 09:42:59;344;1;EN-GB;1;7;7;;;;;;;2;35
53;2026-04-17 09:40:26;2026-04-17 09:43:33;187;1;EN-GB;1;;;;;;;7;7;1;61
54;2026-04-17 09:38:27;2026-04-17 09:43:43;316;1;EN-GB;1;;;;;4;6;;;1;51
55;2026-04-17 09:43:23;2026-04-17 09:44:47;84;1;EN-GB;1;;;;;;;7;7;2;30
56;2026-04-17 09:32:14;2026-04-17 09:44:56;762;1;EN-GB;1;7;7;;;;;;;2;35
57;2026-04-17 09:43:32;2026-04-17 09:45:32;120;1;EN-GB;1;7;7;;;;;;;2;35
58;2026-04-17 09:41:09;2026-04-17 09:45:34;264;1;EN-GB;1;7;7;;;;;;;2;22
59;2026-04-17 09:42:39;2026-04-17 09:46:16;216;1;EN-GB;1;;;5;7;;;;;2;19
60;2026-04-17 09:43:12;2026-04-17 09:46:19;187;1;EN-GB;1;;;;;;;6;4;1;34
61;2026-04-17 09:36:01;2026-04-17 09:46:38;637;1;EN-GB;1;;;;;7;7;;;2;20
62;2026-04-17 09:45:18;2026-04-17 09:46:55;97;1;EN-GB;1;;;5;5;;;;;1;24
63;2026-04-17 09:43:21;2026-04-17 09:47:15;233;1;EN-GB;1;;;2;6;;;;;2;27
64;2026-04-17 09:44:05;2026-04-17 09:47:27;201;1;EN-GB;1;;;;;3;3;;;1;31
65;2026-04-17 09:45:10;2026-04-17 09:47:29;139;1;EN-GB;1;7;7;;;;;;;1;19
66;2026-04-17 09:45:01;2026-04-17 09:48:13;192;1;EN-GB;1;;;;;;;7;7;1;28
67;2026-04-17 09:46:26;2026-04-17 09:48:27;120;1;EN-GB;1;7;6;;;;;;;2;58
68;2026-04-17 09:40:15;2026-04-17 09:48:37;502;1;EN-GB;1;;;;;7;5;;;2;47
69;2026-04-17 09:46:21;2026-04-17 09:48:46;145;1;EN-GB;1;;;;;1;2;;;1;26
70;2026-04-17 09:47:17;2026-04-17 09:48:56;99;1;EN-GB;1;;;2;5;;;;;1;27
71;2026-04-17 09:47:43;2026-04-17 09:49:03;80;1;EN-GB;1;;;4;2;;;;;2;22
72;2026-04-17 09:47:35;2026-04-17 09:49:34;118;1;EN-GB;1;;;;;;;5;3;1;32
73;2026-04-17 09:47:22;2026-04-17 09:49:40;138;1;EN-GB;1;;;;;4;1;;;1;24
74;2026-04-17 09:45:07;2026-04-17 09:49:40;273;1;EN-GB;1;;;;;6;5;;;1;51
75;2026-04-17 09:47:12;2026-04-17 09:50:03;171;1;EN-GB;1;6;5;;;;;;;2;46
76;2026-04-17 09:48:09;2026-04-17 09:50:21;131;1;EN-GB;1;;;;;;;7;7;2;24
77;2026-04-17 09:48:14;2026-04-17 09:50:31;137;1;EN-GB;1;7;2;;;;;;;2;51
78;2026-04-17 09:45:55;2026-04-17 09:50:55;300;1;EN-GB;1;;;;;;;6;7;2;20
79;2026-04-17 09:44:42;2026-04-17 09:51:50;428;1;EN-GB;1;7;7;;;;;;;1;67
80;2026-04-17 09:47:42;2026-04-17 09:52:07;264;1;EN-GB;1;7;7;;;;;;;1;46
81;2026-04-17 09:48:56;2026-04-17 09:52:08;192;1;EN-GB;1;;;4;4;;;;;2;20
82;2026-04-17 09:40:36;2026-04-17 09:52:28;712;1;EN-GB;1;;;;;7;7;;;2;67
83;2026-04-17 09:50:16;2026-04-17 09:52:49;152;1;EN-GB;1;7;7;;;;;;;2;29
84;2026-04-17 09:47:26;2026-04-17 09:52:51;324;1;EN-GB;1;;;7;5;;;;;2;44
85;2026-04-17 09:49:44;2026-04-17 09:52:53;188;1;EN-GB;1;;;;;4;6;;;1;43
86;2026-04-17 09:50:51;2026-04-17 09:52:58;127;1;EN-GB;1;;;5;6;;;;;1;50
87;2026-04-17 09:48:33;2026-04-17 09:53:32;299;1;EN-GB;1;;;;;7;7;;;2;34
88;2026-04-17 09:48:30;2026-04-17 09:53:32;301;1;EN-GB;1;;;;;5;6;;;2;35
89;2026-04-17 09:45:52;2026-04-17 09:53:34;461;1;EN-GB;1;;;;;5;5;;;2;31
90;2026-04-17 09:51:10;2026-04-17 09:53:38;147;1;EN-GB;1;7;7;;;;;;;1;31
91;2026-04-17 09:50:34;2026-04-17 09:54:03;209;1;EN-GB;1;;;4;5;;;;;2;39
92;2026-04-17 09:47:56;2026-04-17 09:54:05;369;1;EN-GB;1;;;;;;;7;6;1;44
93;2026-04-17 09:47:17;2026-04-17 09:54:07;410;1;EN-GB;1;;;7;4;;;;;2;39
94;2026-04-17 09:52:20;2026-04-17 09:54:27;126;1;EN-GB;1;;;;;;;7;6;1;21
95;2026-04-17 09:51:44;2026-04-17 09:54:37;172;1;EN-GB;1;;;4;7;;;;;1;23
96;2026-04-17 09:47:33;2026-04-17 09:55:08;455;1;EN-GB;1;;;;;;;7;6;1;34
97;2026-04-17 09:53:54;2026-04-17 09:55:33;99;1;EN-GB;1;;;;;1;1;;;2;31
98;2026-04-17 09:53:35;2026-04-17 09:56:00;145;1;EN-GB;1;;;5;6;;;;;1;58
99;2026-04-17 09:51:09;2026-04-17 09:56:02;293;1;EN-GB;1;6;6;;;;;;;2;52
100;2026-04-17 09:52:54;2026-04-17 09:56:15;201;1;EN-GB;1;;;;;;;7;7;1;21
101;2026-04-17 09:50:50;2026-04-17 09:56:37;346;1;EN-GB;1;7;7;;;;;;;2;66
102;2026-04-17 09:51:04;2026-04-17 09:57:08;363;1;EN-GB;1;;;;;;;7;7;1;31
103;2026-04-17 09:54:30;2026-04-17 09:57:55;204;1;EN-GB;1;;;7;4;;;;;2;31
104;2026-04-17 09:49:01;2026-04-17 09:57:57;535;1;EN-GB;1;;;;;7;6;;;2;34
105;2026-04-17 09:51:10;2026-04-17 09:57:57;406;1;EN-GB;1;;;;;7;7;;;1;30
106;2026-04-17 09:59:01;2026-04-17 10:01:05;124;1;EN-GB;1;;;1;1;;;;;1;23
107;2026-04-17 09:49:00;2026-04-17 10:01:14;733;1;EN-GB;1;;;;;;;5;4;2;48
108;2026-04-17 09:54:58;2026-04-17 10:01:23;385;1;EN-GB;1;;;;;;;1;7;1;28
109;2026-04-17 09:56:52;2026-04-17 10:01:33;281;1;EN-GB;1;7;1;;;;;;;2;24
110;2026-04-17 09:56:46;2026-04-17 10:02:02;316;1;EN-GB;1;;;;;;;6;5;1;18
111;2026-04-17 10:00:59;2026-04-17 10:02:48;109;1;EN-GB;1;7;7;;;;;;;2;39
112;2026-04-17 10:01:36;2026-04-17 10:02:49;73;1;EN-GB;1;;;;;7;3;;;1;21
113;2026-04-17 10:00:36;2026-04-17 10:03:23;166;1;EN-GB;1;;;;;;;7;5;2;30
114;2026-04-17 09:59:27;2026-04-17 10:04:05;277;1;EN-GB;1;;;;;2;2;;;2;36
115;2026-04-17 10:02:10;2026-04-17 10:04:18;128;1;EN-GB;1;;;5;6;;;;;1;54
116;2026-04-17 10:01:15;2026-04-17 10:04:30;195;1;EN-GB;1;;;;;;;4;4;2;24
117;2026-04-17 09:58:48;2026-04-17 10:04:52;363;1;EN-GB;1;;;2;3;;;;;1;43
118;2026-04-17 10:03:03;2026-04-17 10:05:25;142;1;EN-GB;1;;;;;4;3;;;2;37
119;2026-04-17 10:00:58;2026-04-17 10:06:00;301;1;EN-GB;1;;;;;1;1;;;2;43
120;2026-04-17 10:04:42;2026-04-17 10:06:12;90;1;EN-GB;1;;;3;4;;;;;1;23
121;2026-04-17 10:04:41;2026-04-17 10:06:36;114;1;EN-GB;1;7;7;;;;;;;2;30
122;2026-04-17 10:05:36;2026-04-17 10:07:11;95;1;EN-GB;1;;;1;1;;;;;1;28
123;2026-04-17 10:03:35;2026-04-17 10:07:17;221;1;EN-GB;1;;;;;;;6;6;1;27
124;2026-04-17 10:04:56;2026-04-17 10:07:26;149;1;EN-GB;1;;;;;;;7;6;1;44
125;2026-04-17 10:00:46;2026-04-17 10:08:12;445;1;EN-GB;1;7;7;;;;;;;1;53
126;2026-04-17 10:04:33;2026-04-17 10:08:15;221;1;EN-GB;1;;;;;4;5;;;1;21
127;2026-04-17 10:00:18;2026-04-17 10:08:38;499;1;EN-GB;1;7;3;;;;;;;1;69
128;2026-04-17 10:01:52;2026-04-17 10:09:06;434;1;EN-GB;1;;;3;1;;;;;1;31
129;2026-04-17 10:04:51;2026-04-17 10:09:36;285;1;EN-GB;1;;;;;3;5;;;1;67
130;2026-04-17 10:07:43;2026-04-17 10:09:57;134;1;EN-GB;1;7;7;;;;;;;2;38
131;2026-04-17 10:08:01;2026-04-17 10:09:59;117;1;EN-GB;1;;;;;;;7;5;1;26
132;2026-04-17 10:08:42;2026-04-17 10:10:13;90;1;EN-GB;1;;;;;5;7;;;1;23
133;2026-04-17 10:06:29;2026-04-17 10:10:35;246;1;EN-GB;1;;;;;;;7;4;1;58
134;2026-04-17 10:10:29;2026-04-17 10:11:48;78;1;EN-GB;1;;;;;7;5;;;1;42
135;2026-04-17 10:09:24;2026-04-17 10:11:57;153;1;EN-GB;1;;;4;2;;;;;1;46
136;2026-04-17 10:10:04;2026-04-17 10:12:23;138;1;EN-GB;1;;;;;;;7;7;1;47
137;2026-04-17 10:07:47;2026-04-17 10:12:50;303;1;EN-GB;1;;;7;7;;;;;2;34
138;2026-04-17 10:10:17;2026-04-17 10:13:01;164;1;EN-GB;1;;;7;6;;;;;2;37
139;2026-04-17 10:10:40;2026-04-17 10:13:06;145;1;EN-GB;1;7;7;;;;;;;1;49
140;2026-04-17 10:09:00;2026-04-17 10:13:50;290;1;EN-GB;1;;;;;;;7;7;1;34
141;2026-04-17 10:07:05;2026-04-17 10:14:27;442;1;EN-GB;1;7;5;;;;;;;1;56
142;2026-04-17 10:08:23;2026-04-17 10:14:37;373;1;EN-GB;1;;;;;5;5;;;2;28
143;2026-04-17 10:13:02;2026-04-17 10:16:02;180;1;EN-GB;1;7;7;;;;;;;1;23
144;2026-04-17 10:10:21;2026-04-17 10:16:36;374;1;EN-GB;1;;;1;5;;;;;1;50
145;2026-04-17 10:13:56;2026-04-17 10:16:40;163;1;EN-GB;1;6;6;;;;;;;2;24
146;2026-04-17 10:11:53;2026-04-17 10:16:46;292;1;EN-GB;1;;;;;5;6;;;1;84
147;2026-04-17 10:07:21;2026-04-17 10:17:18;596;1;EN-GB;1;;;;;6;5;;;2;41
148;2026-04-17 10:15:38;2026-04-17 10:17:41;123;1;EN-GB;1;;;5;1;;;;;2;33
149;2026-04-17 10:14:54;2026-04-17 10:17:48;174;1;EN-GB;1;;;;;;;7;7;1;43
150;2026-04-17 10:17:19;2026-04-17 10:18:29;69;1;EN-GB;1;;;;;;;7;6;1;27
151;2026-04-17 10:14:37;2026-04-17 10:18:34;236;1;EN-GB;1;7;5;;;;;;;2;34
152;2026-04-17 10:16:49;2026-04-17 10:18:48;119;1;EN-GB;1;;;2;5;;;;;1;20
153;2026-04-17 10:15:11;2026-04-17 10:20:07;296;1;EN-GB;1;;;;;3;6;;;1;58
154;2026-04-17 10:17:35;2026-04-17 10:20:25;169;1;EN-GB;1;;;1;5;;;;;2;37
155;2026-04-17 10:09:40;2026-04-17 10:21:07;686;1;EN-GB;1;;;7;7;;;;;2;22
156;2026-04-17 10:16:23;2026-04-17 10:21:34;310;1;EN-GB;1;;;;;;;5;5;3;32
157;2026-04-17 10:15:07;2026-04-17 10:21:35;388;1;EN-GB;1;;;;;5;5;;;1;44
158;2026-04-17 10:13:38;2026-04-17 10:21:43;484;1;EN-GB;1;7;7;;;;;;;1;25
159;2026-04-17 10:12:20;2026-04-17 10:21:55;575;1;EN-GB;1;;;;;;;7;4;1;45
160;2026-04-17 10:16:30;2026-04-17 10:21:56;325;1;EN-GB;1;;;;;7;6;;;2;54
161;2026-04-17 10:18:03;2026-04-17 10:22:28;264;1;EN-GB;1;;;;;;;4;5;1;35
162;2026-04-17 10:21:22;2026-04-17 10:23:48;146;1;EN-GB;1;;;;;2;4;;;2;26
163;2026-04-17 10:13:38;2026-04-17 10:24:16;637;1;EN-GB;1;;;7;7;;;;;1;36
164;2026-04-17 10:22:59;2026-04-17 10:24:36;96;1;EN-GB;1;;;6;4;;;;;1;32
165;2026-04-17 10:23:01;2026-04-17 10:24:57;115;1;EN-GB;1;6;5;;;;;;;1;19
166;2026-04-17 10:22:44;2026-04-17 10:25:12;148;1;EN-GB;1;;;;;;;7;7;2;44
167;2026-04-17 10:21:35;2026-04-17 10:25:58;263;1;EN-GB;1;;;;;1;7;;;2;38
168;2026-04-17 10:18:17;2026-04-17 10:26:36;498;1;EN-GB;1;7;7;;;;;;;2;38
169;2026-04-17 10:21:36;2026-04-17 10:26:39;303;1;EN-GB;1;;;;;4;6;;;2;19
170;2026-04-17 10:24:37;2026-04-17 10:27:01;143;1;EN-GB;1;6;3;;;;;;;2;21
171;2026-04-17 10:26:10;2026-04-17 10:27:31;81;1;EN-GB;1;;;;;;;7;6;1;23
172;2026-04-17 10:26:00;2026-04-17 10:28:16;136;1;EN-GB;1;;;4;3;;;;;2;29
173;2026-04-17 10:24:47;2026-04-17 10:28:38;231;1;EN-GB;1;;;;;;;6;6;1;28
174;2026-04-17 10:26:19;2026-04-17 10:28:41;141;1;EN-GB;1;;;;;7;7;;;2;36
175;2026-04-17 10:23:33;2026-04-17 10:29:29;355;1;EN-GB;1;;;4;4;;;;;2;49
176;2026-04-17 10:26:20;2026-04-17 10:29:56;215;1;EN-GB;1;;;;;;;7;6;1;25
177;2026-04-17 10:23:55;2026-04-17 10:30:01;365;1;EN-GB;1;7;7;;;;;;;2;21
178;2026-04-17 10:27:58;2026-04-17 10:30:25;146;1;EN-GB;1;;;7;7;;;;;1;53
179;2026-04-17 10:18:14;2026-04-17 10:31:28;793;1;EN-GB;1;7;7;;;;;;;1;33
180;2026-04-17 10:25:50;2026-04-17 10:31:37;347;1;EN-GB;1;7;7;;;;;;;2;30
181;2026-04-17 10:20:55;2026-04-17 10:32:08;672;1;EN-GB;1;;;;;;;7;6;1;24
182;2026-04-17 10:27:05;2026-04-17 10:32:46;340;1;EN-GB;1;;;;;;;6;5;1;47
183;2026-04-17 10:29:10;2026-04-17 10:33:18;247;1;EN-GB;1;;;;;;;7;7;1;28
184;2026-04-17 10:28:08;2026-04-17 10:33:49;341;1;EN-GB;1;;;;;4;2;;;2;30
185;2026-04-17 10:27:33;2026-04-17 10:34:05;391;1;EN-GB;1;;;;;1;3;;;1;30
186;2026-04-17 10:29:02;2026-04-17 10:34:58;356;1;EN-GB;1;7;7;;;;;;;1;24
187;2026-04-17 10:33:05;2026-04-17 10:35:00;114;1;EN-GB;1;;;5;5;;;;;2;42
188;2026-04-17 10:32:39;2026-04-17 10:35:47;187;1;EN-GB;1;5;4;;;;;;;1;34
189;2026-04-17 10:29:39;2026-04-17 10:36:16;397;1;EN-GB;1;;;7;3;;;;;1;72
190;2026-04-17 10:31:36;2026-04-17 10:36:40;304;1;EN-GB;1;;;;;;;7;7;1;26
191;2026-04-17 10:32:07;2026-04-17 10:37:46;339;1;EN-GB;1;;;2;4;;;;;1;28
192;2026-04-17 10:32:49;2026-04-17 10:39:56;427;1;EN-GB;1;;;;;5;3;;;1;33
193;2026-04-17 10:33:33;2026-04-17 10:40:19;405;1;EN-GB;1;;;;;7;3;;;2;24
194;2026-04-17 10:36:11;2026-04-17 10:41:03;292;1;EN-GB;1;4;4;;;;;;;2;27
195;2026-04-17 10:31:04;2026-04-17 10:41:23;618;1;EN-GB;1;7;7;;;;;;;1;28
196;2026-04-17 10:34:33;2026-04-17 10:41:51;437;1;EN-GB;1;;;;;;;7;6;3;21
197;2026-04-17 10:38:41;2026-04-17 10:42:47;245;1;EN-GB;1;7;1;;;;;;;2;27
198;2026-04-17 10:37:57;2026-04-17 10:42:50;293;1;EN-GB;1;;;;;4;3;;;1;50
199;2026-04-17 10:40:55;2026-04-17 10:43:16;141;1;EN-GB;1;;;1;5;;;;;2;26
200;2026-04-17 10:38:16;2026-04-17 10:43:33;316;1;EN-GB;1;;;4;5;;;;;2;20
201;2026-04-17 10:40:43;2026-04-17 10:43:39;175;1;EN-GB;1;;;;;;;4;4;2;20
202;2026-04-17 10:40:53;2026-04-17 10:43:55;181;1;EN-GB;1;;;3;3;;;;;3;19
203;2026-04-17 10:42:04;2026-04-17 10:46:01;236;1;EN-GB;1;;;;;1;4;;;1;39
204;2026-04-17 10:43:12;2026-04-17 10:46:59;227;1;EN-GB;1;;;;;;;7;7;1;36
205;2026-04-17 10:43:56;2026-04-17 10:47:13;196;1;EN-GB;1;;;6;7;;;;;2;28
206;2026-04-17 10:40:52;2026-04-17 10:47:47;414;1;EN-GB;1;7;7;;;;;;;1;43
207;2026-04-17 10:47:18;2026-04-17 10:50:19;181;1;EN-GB;1;;;;;2;3;;;1;20
208;2026-04-17 10:44:14;2026-04-17 10:51:14;420;1;EN-GB;1;;;;;7;7;;;1;34
209;2026-04-17 10:44:48;2026-04-17 10:51:32;403;1;EN-GB;1;;;;;;;7;7;1;50
210;2026-04-17 10:47:21;2026-04-17 10:51:41;259;1;EN-GB;1;7;7;;;;;;;2;25
211;2026-04-17 10:45:10;2026-04-17 10:51:41;391;1;EN-GB;1;6;3;;;;;;;2;20
212;2026-04-17 10:46:38;2026-04-17 10:52:14;336;1;EN-GB;1;;;;;4;4;;;2;38
213;2026-04-17 10:51:09;2026-04-17 10:52:26;77;1;EN-GB;1;;;;;4;5;;;2;28
214;2026-04-17 10:48:36;2026-04-17 10:53:28;292;1;EN-GB;1;7;3;;;;;;;1;35
215;2026-04-17 10:52:33;2026-04-17 10:54:11;97;1;EN-GB;1;;;;;2;3;;;1;31
216;2026-04-17 10:52:44;2026-04-17 10:54:43;119;1;EN-GB;1;;;;;;;7;7;1;57
217;2026-04-17 10:39:17;2026-04-17 10:55:07;949;1;EN-GB;1;;;;;;;7;2;2;35
218;2026-04-17 10:50:47;2026-04-17 10:56:00;312;1;EN-GB;1;;;2;2;;;;;2;30
219;2026-04-17 10:48:52;2026-04-17 10:56:15;442;1;EN-GB;1;;;;;;;5;4;1;39
220;2026-04-17 10:51:49;2026-04-17 10:57:20;331;1;EN-GB;1;;;;;;;6;4;1;23
221;2026-04-17 10:26:39;2026-04-17 10:57:43;1863;1;EN-GB;1;;;;;5;5;;;1;18
222;2026-04-17 10:49:01;2026-04-17 10:57:46;524;1;EN-GB;1;;;6;3;;;;;2;35
223;2026-04-17 10:54:06;2026-04-17 10:57:56;229;1;EN-GB;1;;;1;1;;;;;1;67
224;2026-04-17 10:43:21;2026-04-17 10:58:19;898;1;EN-GB;1;7;5;;;;;;;2;36
225;2026-04-17 10:54:00;2026-04-17 10:59:40;340;1;EN-GB;1;;;;;;;4;7;1;39
226;2026-04-17 10:58:50;2026-04-17 11:01:23;152;1;EN-GB;1;;;;;6;6;;;2;42
227;2026-04-17 10:58:25;2026-04-17 11:01:44;198;1;EN-GB;1;7;7;;;;;;;2;61
228;2026-04-17 11:00:07;2026-04-17 11:04:27;259;1;EN-GB;1;;;;;;;6;4;1;59
229;2026-04-17 11:02:04;2026-04-17 11:04:40;156;1;EN-GB;1;7;6;;;;;;;1;21
230;2026-04-17 11:02:24;2026-04-17 11:04:55;151;1;EN-GB;1;;;1;1;;;;;1;48
231;2026-04-17 11:02:43;2026-04-17 11:05:12;149;1;EN-GB;1;;;1;1;;;;;1;19
232;2026-04-17 10:57:19;2026-04-17 11:05:19;480;1;EN-GB;1;;;;;2;2;;;1;36
233;2026-04-17 11:06:30;2026-04-17 11:09:37;186;1;EN-GB;1;;;;;5;4;;;2;33
234;2026-04-17 11:01:35;2026-04-17 11:10:40;544;1;EN-GB;1;;;;;;;1;7;2;45
235;2026-04-17 11:07:40;2026-04-17 11:12:49;309;1;EN-GB;1;;;7;6;;;;;1;64
236;2026-04-17 11:10:21;2026-04-17 11:16:32;371;1;EN-GB;1;;;;;4;5;;;1;26
237;2026-04-17 11:12:24;2026-04-17 11:16:40;256;1;EN-GB;1;;;;;;;7;6;3;19
238;2026-04-17 11:07:19;2026-04-17 11:17:25;605;1;EN-GB;1;7;7;;;;;;;2;38
239;2026-04-17 11:11:13;2026-04-17 11:22:02;648;1;EN-GB;1;7;7;;;;;;;1;19
240;2026-04-17 11:20:31;2026-04-17 11:24:22;230;1;EN-GB;1;7;6;;;;;;;2;35
241;2026-04-17 11:20:24;2026-04-17 11:24:59;275;1;EN-GB;1;;;;;;;7;5;2;29
242;2026-04-17 11:16:08;2026-04-17 11:25:01;533;1;EN-GB;1;;;;;6;5;;;2;36
243;2026-04-17 11:21:15;2026-04-17 11:26:18;303;1;EN-GB;1;;;;;;;7;7;2;30
244;2026-04-17 11:18:25;2026-04-17 11:26:51;506;1;EN-GB;1;;;6;1;;;;;1;29
245;2026-04-17 11:21:23;2026-04-17 11:26:55;332;1;EN-GB;1;7;7;;;;;;;1;54
246;2026-04-17 11:20:42;2026-04-17 11:29:05;502;1;EN-GB;1;;;;;7;7;;;2;30
247;2026-04-17 11:21:10;2026-04-17 11:31:15;604;1;EN-GB;1;;;;;;;6;4;2;29
248;2026-04-17 11:29:44;2026-04-17 11:33:11;206;1;EN-GB;1;7;1;;;;;;;1;31
249;2026-04-17 11:28:56;2026-04-17 11:33:22;265;1;EN-GB;1;;;4;4;;;;;2;27
250;2026-04-17 11:31:44;2026-04-17 11:33:32;107;1;EN-GB;1;;;1;4;;;;;1;31
251;2026-04-17 11:37:07;2026-04-17 11:39:25;138;1;EN-GB;1;;;;;3;4;;;2;19
252;2026-04-17 11:40:24;2026-04-17 11:43:54;210;1;EN-GB;1;7;7;;;;;;;2;29
253;2026-04-17 11:33:18;2026-04-17 11:44:17;658;1;EN-GB;1;;;;;7;6;;;1;46
254;2026-04-17 11:39:06;2026-04-17 11:44:58;351;1;EN-GB;1;;;;;;;6;7;2;53
255;2026-04-17 11:49:16;2026-04-17 11:54:40;324;1;EN-GB;1;;;;;;;7;6;1;68
256;2026-04-17 11:57:44;2026-04-17 12:01:56;252;1;EN-GB;1;;;;;6;7;;;2;57
257;2026-04-17 12:04:37;2026-04-17 12:12:43;486;1;EN-GB;1;;;;;6;6;;;1;58
258;2026-04-17 11:59:49;2026-04-17 12:12:46;777;1;EN-GB;1;7;6;;;;;;;1;32
259;2026-04-17 12:13:45;2026-04-17 12:17:01;195;1;EN-GB;1;;;;;;;7;6;2;39
260;2026-04-17 12:19:06;2026-04-17 12:21:16;130;1;EN-GB;1;;;2;4;;;;;1;47
261;2026-04-17 12:13:39;2026-04-17 12:24:58;678;1;EN-GB;1;7;5;;;;;;;2;29
262;2026-04-17 12:23:22;2026-04-17 12:25:25;123;1;EN-GB;1;;;;;5;6;;;2;34
263;2026-04-17 12:24:58;2026-04-17 12:27:56;178;1;EN-GB;1;7;7;;;;;;;2;53
264;2026-04-17 12:22:55;2026-04-17 12:31:01;486;1;EN-GB;1;;;6;2;;;;;2;45
265;2026-04-17 12:26:49;2026-04-17 12:32:22;332;1;EN-GB;1;;;;;;;7;1;2;34
266;2026-04-17 12:30:53;2026-04-17 12:34:15;201;1;EN-GB;1;7;7;;;;;;;1;73
267;2026-04-17 12:33:37;2026-04-17 12:35:57;140;1;EN-GB;1;;;;;6;6;;;2;62
268;2026-04-17 12:52:31;2026-04-17 12:55:08;157;1;EN-GB;1;;;;;;;7;5;2;29
269;2026-04-17 12:57:37;2026-04-17 13:01:05;207;1;EN-GB;1;;;7;5;;;;;1;48
270;2026-04-17 13:04:08;2026-04-17 13:11:20;432;1;EN-GB;1;;;;;4;6;;;1;30
271;2026-04-17 13:11:46;2026-04-17 13:15:32;225;1;EN-GB;1;;;;;;;7;6;2;55
272;2026-04-17 13:19:41;2026-04-17 13:22:22;160;1;EN-GB;1;7;3;;;;;;;1;40
273;2026-04-17 13:20:02;2026-04-17 13:24:34;272;1;EN-GB;1;;;6;6;;;;;2;31
274;2026-04-17 13:25:14;2026-04-17 13:28:11;176;1;EN-GB;1;;;;;;;6;4;2;21
275;2026-04-17 13:31:27;2026-04-17 13:33:37;129;1;EN-GB;1;;;;;5;5;;;2;49
276;2026-04-17 13:30:56;2026-04-17 13:33:47;170;1;EN-GB;1;;;4;4;;;;;2;43
277;2026-04-17 13:31:59;2026-04-17 13:35:10;190;1;EN-GB;1;;;;;3;5;;;2;26
278;2026-04-17 13:30:52;2026-04-17 13:35:50;298;1;EN-GB;1;7;7;;;;;;;2;72
279;2026-04-17 13:31:08;2026-04-17 13:36:34;325;1;EN-GB;1;7;7;;;;;;;2;53
280;2026-04-17 13:32:03;2026-04-17 13:40:45;522;1;EN-GB;1;;;;;;;6;6;2;29
281;2026-04-17 09:27:55;2026-04-17 09:30:07;132;0;EN-GB;1;;;;;;;6;4;;
282;2026-04-17 09:34:12;2026-04-17 09:37:55;222;0;EN-GB;1;;;;;4;2;;;;
283;2026-04-17 09:35:56;2026-04-17 09:40:00;244;0;EN-GB;1;;;;;;;;;;
284;2026-04-17 09:48:09;2026-04-17 09:53:27;317;0;EN-GB;1;;;;;6;5;;;;
285;2026-04-17 09:52:57;2026-04-17 10:11:17;1099;0;EN-GB;1;4;4;;;;;;;;
286;2026-04-17 10:24:54;2026-04-17 10:42:57;1082;0;EN-GB;1;;;;;;;;;;
287;2026-04-17 10:47:42;2026-04-17 10:49:52;129;0;EN-GB;1;;;5;6;;;;;;
288;2026-04-17 10:44:41;2026-04-17 11:01:02;981;0;EN-GB;1;;;;;;;;;;
289;2026-04-17 11:43:54;2026-04-17 11:44:27;32;0;EN-GB;1;;;;;;;;;;
290;2026-04-17 11:50:47;2026-04-17 11:54:19;211;0;EN-GB;1;;;4;4;;;;;;
291;2026-04-17 10:47:54;2026-04-17 12:09:45;4910;0;EN-GB;1;;;;;;;;;;
