ID,StartDate,EndDate,Duration (in seconds),Finished,UserLanguage,Consent,homophobia.5-pAction,blame5-pAction,homophobia.6-pAction,blame6-pAction,homophobia.7-pAction,blame7-pAction,homophobia.8-pAction,blame8-pAction,homophobia.13-pAction,blame.13-pActio,homophobia.14-pAction,blame14-pActio,homophobia.15-pAction,blame15-pActio,homophobia.16-pAction,blame16-pActio,Gender,Age
1,2026-03-05 11:01:02,2026-03-05 11:01:59,56,1,EN-GB,1,,,,,,,,,7,7,,,,,,,2,39
2,2026-03-05 11:01:14,2026-03-05 11:02:53,98,1,EN-GB,1,,,,,10,9,,,,,,,,,,,2,56
3,2026-03-05 11:01:05,2026-03-05 11:03:00,115,1,EN-GB,1,,,,,,,,,,,,,9,8,,,1,25
4,2026-03-05 11:00:38,2026-03-05 11:03:07,149,1,EN-GB,1,,,,,,,,,,,,,,,1,1,4,40
5,2026-03-05 11:02:39,2026-03-05 11:03:32,52,1,EN-GB,1,12,12,,,,,,,,,,,,,,,1,20
6,2026-03-05 11:01:53,2026-03-05 11:03:40,107,1,EN-GB,1,11,10,,,,,,,,,,,,,,,2,30
7,2026-03-05 11:02:26,2026-03-05 11:03:54,87,1,EN-GB,1,,,,,,,,,,,2,2,,,,,2,37
8,2026-03-05 11:02:28,2026-03-05 11:04:00,92,1,EN-GB,1,,,,,13,13,,,,,,,,,,,2,24
9,2026-03-05 11:02:43,2026-03-05 11:04:01,77,1,EN-GB,1,,,,,,,,,,,,,,,1,1,2,35
10,2026-03-05 11:02:45,2026-03-05 11:04:01,75,1,EN-GB,1,,,,,,,1,1,,,,,,,,,2,47
11,2026-03-05 11:02:44,2026-03-05 11:04:32,108,1,EN-GB,1,,,,,,,,,,,1,1,,,,,1,71
12,2026-03-05 11:01:50,2026-03-05 11:04:37,166,1,EN-GB,1,,,1,1,,,,,,,,,,,,,1,50
13,2026-03-05 11:03:55,2026-03-05 11:05:12,76,1,EN-GB,1,,,,,,,,,,,,,12,12,,,2,46
14,2026-03-05 11:02:58,2026-03-05 11:05:15,137,1,EN-GB,1,,,1,1,,,,,,,,,,,,,1,32
15,2026-03-05 11:01:29,2026-03-05 11:05:25,235,1,EN-GB,1,,,,,,,,,13,13,,,,,,,1,58
16,2026-03-05 11:04:15,2026-03-05 11:06:01,105,1,EN-GB,1,,,,,13,12,,,,,,,,,,,1,31
17,2026-03-05 11:05:15,2026-03-05 11:06:35,80,1,EN-GB,1,11,8,,,,,,,,,,,,,,,1,30
18,2026-03-05 11:02:48,2026-03-05 11:06:43,234,1,EN-GB,1,,,,,,,3,3,,,,,,,,,2,21
19,2026-03-05 11:05:19,2026-03-05 11:07:10,110,1,EN-GB,1,,,,,,,,,11,10,,,,,,,2,40
20,2026-03-05 11:05:46,2026-03-05 11:07:23,96,1,EN-GB,1,,,1,1,,,,,,,,,,,,,2,51
21,2026-03-05 11:05:39,2026-03-05 11:07:47,128,1,EN-GB,1,,,,,,,,,,,,,13,13,,,1,28
22,2026-03-05 11:06:45,2026-03-05 11:08:27,101,1,EN-GB,1,,,,,,,,,,,3,3,,,,,2,19
23,2026-03-05 11:05:40,2026-03-05 11:08:47,187,1,EN-GB,1,,,,,,,,,,,,,,,2,2,2,37
24,2026-03-05 11:07:29,2026-03-05 11:08:49,80,1,EN-GB,1,,,,,,,,,,,1,1,,,,,1,28
25,2026-03-05 11:06:50,2026-03-05 11:09:04,133,1,EN-GB,1,,,,,,,,,,,,,12,12,,,1,48
26,2026-03-05 11:07:21,2026-03-05 11:09:25,123,1,EN-GB,1,13,13,,,,,,,,,,,,,,,1,51
27,2026-03-05 11:08:05,2026-03-05 11:10:07,121,1,EN-GB,1,,,1,1,,,,,,,,,,,,,2,23
28,2026-03-05 11:07:40,2026-03-05 11:10:07,146,1,EN-GB,1,,,,,,,,,13,13,,,,,,,2,26
29,2026-03-05 11:08:46,2026-03-05 11:10:11,85,1,EN-GB,1,,,,,,,1,1,,,,,,,,,1,34
30,2026-03-05 11:08:15,2026-03-05 11:10:31,135,1,EN-GB,1,,,,,,,,,,,1,1,,,,,1,39
31,2026-03-05 11:09:00,2026-03-05 11:10:37,97,1,EN-GB,1,,,,,11,11,,,,,,,,,,,2,35
32,2026-03-05 11:09:32,2026-03-05 11:11:01,89,1,EN-GB,1,,,1,2,,,,,,,,,,,,,2,47
33,2026-03-05 11:09:10,2026-03-05 11:11:08,118,1,EN-GB,1,,,,,8,7,,,,,,,,,,,1,48
34,2026-03-05 11:07:41,2026-03-05 11:11:21,220,1,EN-GB,1,,,,,,,,,,,,,,,4,1,1,48
35,2026-03-05 11:08:58,2026-03-05 11:12:07,188,1,EN-GB,1,,,,,,,1,1,,,,,,,,,1,34
36,2026-03-05 11:11:29,2026-03-05 11:13:04,94,1,EN-GB,1,,,,,,,,,,,,,,,2,1,1,53
37,2026-03-05 11:11:27,2026-03-05 11:13:54,147,1,EN-GB,1,13,11,,,,,,,,,,,,,,,2,32
38,2026-03-05 11:12:05,2026-03-05 11:14:03,118,1,EN-GB,1,,,,,11,9,,,,,,,,,,,1,26
39,2026-03-05 11:11:22,2026-03-05 11:14:15,172,1,EN-GB,1,,,,,,,,,,,,,13,13,,,2,58
40,2026-03-05 11:09:54,2026-03-05 11:14:27,273,1,EN-GB,1,,,,,,,,,13,13,,,,,,,2,55
41,2026-03-05 11:13:21,2026-03-05 11:14:30,68,1,EN-GB,1,12,11,,,,,,,,,,,,,,,2,24
42,2026-03-05 11:12:31,2026-03-05 11:14:36,124,1,EN-GB,1,,,,,,,,,,,,,10,8,,,2,25
43,2026-03-05 11:11:08,2026-03-05 11:14:48,219,1,EN-GB,1,,,,,,,5,6,,,,,,,,,1,41
44,2026-03-05 11:12:18,2026-03-05 11:14:49,151,1,EN-GB,1,,,,,,,,,13,13,,,,,,,1,36
45,2026-03-05 11:12:04,2026-03-05 11:14:54,169,1,EN-GB,1,,,,,,,,,,,,,,,1,1,1,36
46,2026-03-05 11:09:54,2026-03-05 11:15:20,325,1,EN-GB,1,,,3,3,,,,,,,,,,,,,2,46
47,2026-03-05 11:06:06,2026-03-05 11:16:09,603,1,EN-GB,1,,,,,,,,,,,1,1,,,,,2,45
48,2026-03-05 11:15:20,2026-03-05 11:16:18,58,1,EN-GB,1,13,13,,,,,,,,,,,,,,,2,55
49,2026-03-05 11:14:20,2026-03-05 11:16:28,128,1,EN-GB,1,,,,,,,,,,,,,,,1,1,1,47
50,2026-03-05 11:15:16,2026-03-05 11:16:40,83,1,EN-GB,1,,,,,,,1,1,,,,,,,,,2,59
51,2026-03-05 11:15:33,2026-03-05 11:17:34,121,1,EN-GB,1,,,,,,,,,,,,,13,7,,,1,33
52,2026-03-05 11:15:12,2026-03-05 11:17:40,147,1,EN-GB,1,,,,,,,,,13,13,,,,,,,2,21
53,2026-03-05 11:15:51,2026-03-05 11:18:16,144,1,EN-GB,1,,,1,1,,,,,,,,,,,,,2,42
54,2026-03-05 11:14:03,2026-03-05 11:19:19,316,1,EN-GB,1,,,,,,,,,,,1,1,,,,,2,44
55,2026-03-05 11:18:13,2026-03-05 11:19:45,91,1,EN-GB,1,,,,,13,13,,,,,,,,,,,1,50
56,2026-03-05 11:17:18,2026-03-05 11:19:47,149,1,EN-GB,1,,,,,,,,,11,11,,,,,,,2,23
57,2026-03-05 11:17:57,2026-03-05 11:20:08,130,1,EN-GB,1,,,,,12,11,,,,,,,,,,,1,27
58,2026-03-05 11:18:24,2026-03-05 11:20:28,123,1,EN-GB,1,,,1,1,,,,,,,,,,,,,1,43
59,2026-03-05 11:19:20,2026-03-05 11:20:40,79,1,EN-GB,1,,,,,,,,,,,,,,,3,3,2,56
60,2026-03-05 11:18:48,2026-03-05 11:20:49,120,1,EN-GB,1,,,,,,,,,,,13,13,,,,,2,24
61,2026-03-05 11:19:49,2026-03-05 11:20:53,63,1,EN-GB,1,,,,,,,,,,,,,9,9,,,1,20
62,2026-03-05 11:18:36,2026-03-05 11:21:02,145,1,EN-GB,1,13,12,,,,,,,,,,,,,,,1,47
63,2026-03-05 11:19:30,2026-03-05 11:21:12,101,1,EN-GB,1,,,,,,,,,,,,,10,10,,,2,50
64,2026-03-05 11:18:48,2026-03-05 11:21:19,151,1,EN-GB,1,,,,,,,2,1,,,,,,,,,1,50
65,2026-03-05 11:20:16,2026-03-05 11:22:05,109,1,EN-GB,1,,,,,,,1,1,,,,,,,,,2,22
66,2026-03-05 11:20:21,2026-03-05 11:22:39,137,1,EN-GB,1,,,,,,,,,,,1,1,,,,,1,38
67,2026-03-05 11:21:35,2026-03-05 11:22:46,71,1,EN-GB,1,,,,,,,,,12,10,,,,,,,2,46
68,2026-03-05 11:20:54,2026-03-05 11:23:03,129,1,EN-GB,1,,,,,12,12,,,,,,,,,,,2,19
69,2026-03-05 11:21:45,2026-03-05 11:23:21,95,1,EN-GB,1,,,3,1,,,,,,,,,,,,,2,32
70,2026-03-05 11:20:49,2026-03-05 11:24:22,212,1,EN-GB,1,,,,,,,,,,,,,,,2,2,1,45
71,2026-03-05 11:23:08,2026-03-05 11:24:51,102,1,EN-GB,1,,,2,1,,,,,,,,,,,,,2,37
72,2026-03-05 11:21:29,2026-03-05 11:24:54,205,1,EN-GB,1,13,13,,,,,,,,,,,,,,,2,30
73,2026-03-05 11:22:36,2026-03-05 11:24:57,141,1,EN-GB,1,,,,,12,12,,,,,,,,,,,1,33
74,2026-03-05 11:23:59,2026-03-05 11:25:30,91,1,EN-GB,1,,,,,,,,,,,,,,,1,1,1,47
75,2026-03-05 11:20:14,2026-03-05 11:25:34,320,1,EN-GB,1,,,,,,,,,,,1,1,,,,,2,38
76,2026-03-05 11:24:54,2026-03-05 11:26:07,73,1,EN-GB,1,13,10,,,,,,,,,,,,,,,2,28
77,2026-03-05 11:24:51,2026-03-05 11:26:16,84,1,EN-GB,1,13,13,,,,,,,,,,,,,,,2,33
78,2026-03-05 11:22:37,2026-03-05 11:26:31,234,1,EN-GB,1,,,,,,,,,13,13,,,,,,,1,34
79,2026-03-05 11:24:49,2026-03-05 11:26:33,104,1,EN-GB,1,,,,,,,,,10,10,,,,,,,3,38
80,2026-03-05 11:22:44,2026-03-05 11:26:35,230,1,EN-GB,1,,,,,,,3,1,,,,,,,,,2,26
81,2026-03-05 11:26:14,2026-03-05 11:27:03,49,1,EN-GB,1,,,,,,,1,1,,,,,,,,,2,20
82,2026-03-05 11:22:30,2026-03-05 11:27:09,279,1,EN-GB,1,,,,,,,,,,,,,13,13,,,1,53
83,2026-03-05 11:26:21,2026-03-05 11:28:07,105,1,EN-GB,1,,,,,,,,,,,,,10,11,,,2,30
84,2026-03-05 11:26:25,2026-03-05 11:28:07,101,1,EN-GB,1,,,,,,,,,,,,,,,1,1,2,25
85,2026-03-05 11:26:47,2026-03-05 11:28:34,106,1,EN-GB,1,,,,,,,,,,,,,,,1,1,2,28
86,2026-03-05 11:26:33,2026-03-05 11:28:49,135,1,EN-GB,1,,,1,1,,,,,,,,,,,,,1,20
87,2026-03-05 11:23:49,2026-03-05 11:29:17,328,1,EN-GB,1,,,,,13,10,,,,,,,,,,,1,56
88,2026-03-05 11:28:16,2026-03-05 11:29:20,63,1,EN-GB,1,,,,,11,12,,,,,,,,,,,2,34
89,2026-03-05 11:28:07,2026-03-05 11:29:33,85,1,EN-GB,1,11,11,,,,,,,,,,,,,,,2,43
90,2026-03-05 11:27:35,2026-03-05 11:29:35,120,1,EN-GB,1,,,,,,,,,,,1,1,,,,,2,48
91,2026-03-05 11:29:16,2026-03-05 11:29:55,38,1,EN-GB,1,,,1,1,,,,,,,,,,,,,2,25
92,2026-03-05 11:27:47,2026-03-05 11:30:08,141,1,EN-GB,1,,,,,,,,,13,11,,,,,,,2,24
93,2026-03-05 11:28:21,2026-03-05 11:30:14,112,1,EN-GB,1,,,,,,,2,2,,,,,,,,,1,23
94,2026-03-05 11:26:19,2026-03-05 11:30:31,252,1,EN-GB,1,,,,,,,,,,,1,1,,,,,2,52
95,2026-03-05 11:30:23,2026-03-05 11:31:28,65,1,EN-GB,1,,,,,,,,,,,1,1,,,,,2,36
96,2026-03-05 11:27:53,2026-03-05 11:31:32,219,1,EN-GB,1,,,,,,,,,,,,,,,4,4,1,57
97,2026-03-05 11:28:38,2026-03-05 11:31:34,175,1,EN-GB,1,,,,,,,,,,,,,11,10,,,1,52
98,2026-03-05 11:27:22,2026-03-05 11:32:19,296,1,EN-GB,1,,,,,,,,,12,13,,,,,,,2,28
99,2026-03-05 11:31:14,2026-03-05 11:32:31,76,1,EN-GB,1,,,1,1,,,,,,,,,,,,,2,39
100,2026-03-05 11:29:14,2026-03-05 11:33:10,235,1,EN-GB,1,,,,,,,,,,,,,11,11,,,1,71
101,2026-03-05 11:31:12,2026-03-05 11:33:20,128,1,EN-GB,1,,,,,10,7,,,,,,,,,,,2,41
102,2026-03-05 11:30:57,2026-03-05 11:33:31,154,1,EN-GB,1,12,12,,,,,,,,,,,,,,,1,56
103,2026-03-05 11:31:21,2026-03-05 11:33:33,131,1,EN-GB,1,,,,,11,7,,,,,,,,,,,1,54
104,2026-03-05 11:31:29,2026-03-05 11:33:36,127,1,EN-GB,1,,,,,,,,,,,,,11,10,,,2,22
105,2026-03-05 11:27:23,2026-03-05 11:33:44,381,1,EN-GB,1,,,,,,,1,1,,,,,,,,,1,51
106,2026-03-05 11:29:44,2026-03-05 11:34:27,282,1,EN-GB,1,10,9,,,,,,,,,,,,,,,1,50
107,2026-03-05 11:33:02,2026-03-05 11:35:29,147,1,EN-GB,1,,,,,,,,,13,13,,,,,,,2,35
108,2026-03-05 11:33:07,2026-03-05 11:35:52,165,1,EN-GB,1,,,5,4,,,,,,,,,,,,,1,23
109,2026-03-05 11:35:04,2026-03-05 11:36:00,55,1,EN-GB,1,,,,,,,2,2,,,,,,,,,2,36
110,2026-03-05 11:31:27,2026-03-05 11:36:05,277,1,EN-GB,1,,,,,,,,,,,,,,,1,1,1,33
111,2026-03-05 11:34:34,2026-03-05 11:36:14,100,1,EN-GB,1,,,,,,,,,,,,,,,1,1,2,29
112,2026-03-05 11:33:10,2026-03-05 11:36:16,185,1,EN-GB,1,,,,,,,,,,,1,1,,,,,2,30
113,2026-03-05 11:35:56,2026-03-05 11:37:37,100,1,EN-GB,1,7,7,,,,,,,,,,,,,,,2,52
114,2026-03-05 11:32:57,2026-03-05 11:37:53,295,1,EN-GB,1,,,,,,,6,6,,,,,,,,,2,43
115,2026-03-05 11:36:26,2026-03-05 11:38:04,97,1,EN-GB,1,,,,,,,,,,,1,1,,,,,1,19
116,2026-03-05 11:36:56,2026-03-05 11:38:40,104,1,EN-GB,1,,,,,13,13,,,,,,,,,,,1,28
117,2026-03-05 11:35:26,2026-03-05 11:38:49,202,1,EN-GB,1,,,,,,,,,,,,,13,11,,,2,45
118,2026-03-05 11:36:41,2026-03-05 11:38:51,129,1,EN-GB,1,,,,,,,,,13,13,,,,,,,1,42
119,2026-03-05 11:36:16,2026-03-05 11:40:01,225,1,EN-GB,1,,,2,1,,,,,,,,,,,,,1,31
120,2026-03-05 11:39:08,2026-03-05 11:41:34,145,1,EN-GB,1,,,,,,,1,1,,,,,,,,,1,21
121,2026-03-05 11:39:20,2026-03-05 11:41:40,139,1,EN-GB,1,,,,,,,,,,,,,12,10,,,1,29
122,2026-03-05 11:40:18,2026-03-05 11:42:29,130,1,EN-GB,1,,,,,13,11,,,,,,,,,,,1,32
123,2026-03-05 11:41:42,2026-03-05 11:43:42,120,1,EN-GB,1,13,13,,,,,,,,,,,,,,,1,43
124,2026-03-05 11:43:01,2026-03-05 11:44:55,113,1,EN-GB,1,,,,,,,,,,,,,,,1,1,2,25
125,2026-03-05 11:44:58,2026-03-05 11:46:34,96,1,EN-GB,1,,,,,,,,,10,8,,,,,,,2,47
126,2026-03-05 11:45:50,2026-03-05 11:47:11,80,1,EN-GB,1,,,3,3,,,,,,,,,,,,,2,55
127,2026-03-05 11:46:57,2026-03-05 11:47:52,54,1,EN-GB,1,,,,,,,,,,,,,12,12,,,2,47
128,2026-03-05 11:48:14,2026-03-05 11:50:06,111,1,EN-GB,1,13,10,,,,,,,,,,,,,,,2,41
129,2026-03-05 11:48:14,2026-03-05 11:50:12,117,1,EN-GB,1,,,,,,,1,1,,,,,,,,,2,37
130,2026-03-05 11:47:18,2026-03-05 11:50:13,175,1,EN-GB,1,,,,,,,,,,,,,,,1,1,1,46
131,2026-03-05 11:49:39,2026-03-05 11:51:01,81,1,EN-GB,1,,,,,,,,,13,7,,,,,,,1,47
132,2026-03-05 11:49:31,2026-03-05 11:52:35,183,1,EN-GB,1,,,3,1,,,,,,,,,,,,,1,44
133,2026-03-05 11:52:12,2026-03-05 11:53:06,54,1,EN-GB,1,,,,,11,9,,,,,,,,,,,1,30
134,2026-03-05 11:51:37,2026-03-05 11:53:37,119,1,EN-GB,1,,,,,,,,,,,,,9,9,,,2,65
135,2026-03-05 11:50:12,2026-03-05 11:53:39,207,1,EN-GB,1,,,,,,,9,12,,,,,,,,,1,32
136,2026-03-05 11:52:23,2026-03-05 11:53:52,88,1,EN-GB,1,,,,,,,,,,,,,10,7,,,1,29
137,2026-03-05 11:52:20,2026-03-05 11:53:58,97,1,EN-GB,1,,,,,,,,,,,1,2,,,,,1,58
138,2026-03-05 11:53:10,2026-03-05 11:54:05,54,1,EN-GB,1,13,13,,,,,,,,,,,,,,,1,27
139,2026-03-05 11:52:57,2026-03-05 11:54:50,113,1,EN-GB,1,,,1,1,,,,,,,,,,,,,2,51
140,2026-03-05 11:52:27,2026-03-05 11:55:03,156,1,EN-GB,1,,,,,,,,,,,,,,,1,1,1,56
141,2026-03-05 11:55:10,2026-03-05 11:56:15,64,1,EN-GB,1,11,11,,,,,,,,,,,,,,,2,36
142,2026-03-05 11:53:16,2026-03-05 11:56:40,203,1,EN-GB,1,,,,,,,,,,,11,13,,,,,1,58
143,2026-03-05 11:55:22,2026-03-05 11:57:04,102,1,EN-GB,1,,,,,,,2,2,,,,,,,,,1,39
144,2026-03-05 11:53:54,2026-03-05 11:57:05,190,1,EN-GB,1,,,,,,,,,,,1,1,,,,,2,33
145,2026-03-05 11:50:32,2026-03-05 11:59:08,516,1,EN-GB,1,,,,,,,,,10,8,,,,,,,1,34
146,2026-03-05 11:40:16,2026-03-05 11:59:36,1159,1,EN-GB,1,,,1,1,,,,,,,,,,,,,2,32
147,2026-03-05 11:58:19,2026-03-05 12:00:06,107,1,EN-GB,1,,,,,,,,,,,,,,,1,1,2,39
148,2026-03-05 11:42:39,2026-03-05 12:00:16,1057,1,EN-GB,1,,,,,3,7,,,,,,,,,,,2,26
149,2026-03-05 11:59:16,2026-03-05 12:01:01,105,1,EN-GB,1,,,,,,,,,13,13,,,,,,,1,46
150,2026-03-05 11:59:59,2026-03-05 12:01:05,66,1,EN-GB,1,,,,,12,12,,,,,,,,,,,2,21
151,2026-03-05 12:01:24,2026-03-05 12:02:51,87,1,EN-GB,1,,,,,,,,,,,,,,,1,1,2,30
152,2026-03-05 11:59:51,2026-03-05 12:03:07,196,1,EN-GB,1,,,,,,,,,,,,,11,8,,,2,36
153,2026-03-05 12:01:17,2026-03-05 12:03:18,120,1,EN-GB,1,,,,,,,,,,,1,1,,,,,2,37
154,2026-03-05 12:02:32,2026-03-05 12:04:23,110,1,EN-GB,1,,,1,1,,,,,,,,,,,,,2,25
155,2026-03-05 12:02:36,2026-03-05 12:04:57,140,1,EN-GB,1,,,,,,,1,1,,,,,,,,,1,24
156,2026-03-05 12:03:23,2026-03-05 12:05:03,99,1,EN-GB,1,13,11,,,,,,,,,,,,,,,2,28
157,2026-03-05 12:03:05,2026-03-05 12:05:13,127,1,EN-GB,1,,,,,10,8,,,,,,,,,,,2,26
158,2026-03-05 12:02:19,2026-03-05 12:05:33,194,1,EN-GB,1,,,,,,,8,8,,,,,,,,,2,45
159,2026-03-05 12:03:50,2026-03-05 12:05:46,116,1,EN-GB,1,,,,,,,,,13,13,,,,,,,2,44
160,2026-03-05 12:04:19,2026-03-05 12:07:10,171,1,EN-GB,1,13,13,,,,,,,,,,,,,,,1,53
161,2026-03-05 12:07:12,2026-03-05 12:08:13,60,1,EN-GB,1,,,,,13,13,,,,,,,,,,,1,35
162,2026-03-05 12:05:17,2026-03-05 12:08:35,198,1,EN-GB,1,,,,,,,,,,,1,1,,,,,1,49
163,2026-03-05 12:06:34,2026-03-05 12:09:00,145,1,EN-GB,1,,,,,,,,,,,,,,,1,1,2,28
164,2026-03-05 12:05:29,2026-03-05 12:09:07,217,1,EN-GB,1,,,2,2,,,,,,,,,,,,,1,26
165,2026-03-05 12:03:57,2026-03-05 12:09:18,321,1,EN-GB,1,,,,,,,,,,,,,13,10,,,1,69
166,2026-03-05 12:08:11,2026-03-05 12:09:23,71,1,EN-GB,1,,,,,,,,,9,9,,,,,,,1,44
167,2026-03-05 12:07:41,2026-03-05 12:10:21,159,1,EN-GB,1,,,2,2,,,,,,,,,,,,,1,34
168,2026-03-05 12:09:01,2026-03-05 12:10:37,96,1,EN-GB,1,,,,,,,3,1,,,,,,,,,1,43
169,2026-03-05 12:08:33,2026-03-05 12:10:39,126,1,EN-GB,1,,,,,,,,,,,,,13,13,,,1,52
170,2026-03-05 12:09:23,2026-03-05 12:10:46,82,1,EN-GB,1,,,,,,,,,,,,,,,1,1,2,55
171,2026-03-05 12:09:44,2026-03-05 12:11:22,98,1,EN-GB,1,,,,,,,,,,,1,1,,,,,2,42
172,2026-03-05 12:10:01,2026-03-05 12:11:39,97,1,EN-GB,1,13,13,,,,,,,,,,,,,,,2,41
173,2026-03-05 11:44:32,2026-03-05 12:11:45,1632,1,EN-GB,1,,,,,,,,,,,7,5,,,,,1,54
174,2026-03-05 12:09:27,2026-03-05 12:12:35,187,1,EN-GB,1,,,,,,,,,11,11,,,,,,,2,55
175,2026-03-05 12:10:40,2026-03-05 12:12:41,120,1,EN-GB,1,,,,,13,13,,,,,,,,,,,1,52
176,2026-03-05 12:11:12,2026-03-05 12:13:08,116,1,EN-GB,1,,,,,7,7,,,,,,,,,,,2,49
177,2026-03-05 12:11:11,2026-03-05 12:13:09,117,1,EN-GB,1,,,,,,,,,13,13,,,,,,,1,56
178,2026-03-05 12:10:57,2026-03-05 12:13:14,136,1,EN-GB,1,,,,,,,,,,,,,13,13,,,2,68
179,2026-03-05 12:11:32,2026-03-05 12:13:55,143,1,EN-GB,1,13,10,,,,,,,,,,,,,,,2,58
180,2026-03-05 12:12:30,2026-03-05 12:14:24,114,1,EN-GB,1,,,,,,,,,,,,,,,4,4,1,48
181,2026-03-05 12:11:51,2026-03-05 12:15:42,230,1,EN-GB,1,,,,,,,12,12,,,,,,,,,1,47
182,2026-03-05 12:12:51,2026-03-05 12:16:29,218,1,EN-GB,1,,,,,,,,,,,1,1,,,,,1,44
183,2026-03-05 12:14:05,2026-03-05 12:16:39,154,1,EN-GB,1,,,,,9,9,,,,,,,,,,,2,35
184,2026-03-05 12:14:57,2026-03-05 12:17:13,136,1,EN-GB,1,,,,,,,,,13,13,,,,,,,1,52
185,2026-03-05 12:16:11,2026-03-05 12:17:36,85,1,EN-GB,1,,,1,1,,,,,,,,,,,,,1,20
186,2026-03-05 12:14:37,2026-03-05 12:18:46,248,1,EN-GB,1,,,,,,,,,,,,,12,11,,,1,50
187,2026-03-05 12:19:56,2026-03-05 12:20:56,59,1,EN-GB,1,,,,,,,,,,,,,,,4,5,1,39
188,2026-03-05 12:16:35,2026-03-05 12:21:15,279,1,EN-GB,1,12,13,,,,,,,,,,,,,,,2,27
189,2026-03-05 12:20:41,2026-03-05 12:21:26,45,1,EN-GB,1,,,,,10,10,,,,,,,,,,,2,34
190,2026-03-05 12:19:27,2026-03-05 12:21:43,135,1,EN-GB,1,,,,,,,,,,,1,1,,,,,3,18
191,2026-03-05 12:18:12,2026-03-05 12:21:53,220,1,EN-GB,1,,,,,,,1,1,,,,,,,,,1,51
192,2026-03-05 12:20:43,2026-03-05 12:22:22,99,1,EN-GB,1,,,,,,,,,,,,,13,10,,,1,41
193,2026-03-05 12:22:07,2026-03-05 12:22:42,34,1,EN-GB,1,,,,,,,,,7,5,,,,,,,2,41
194,2026-03-05 12:22:05,2026-03-05 12:23:12,66,1,EN-GB,1,,,1,1,,,,,,,,,,,,,2,26
195,2026-03-05 12:21:08,2026-03-05 12:23:41,153,1,EN-GB,1,,,,,,,,,,,1,1,,,,,2,45
196,2026-03-05 12:20:35,2026-03-05 12:24:03,208,1,EN-GB,1,,,,,,,,,,,,,,,1,1,1,65
197,2026-03-05 12:21:46,2026-03-05 12:24:21,155,1,EN-GB,1,12,7,,,,,,,,,,,,,,,1,29
198,2026-03-05 12:19:36,2026-03-05 12:24:58,321,1,EN-GB,1,,,,,,,7,7,,,,,,,,,2,48
199,2026-03-05 12:21:51,2026-03-05 12:25:35,224,1,EN-GB,1,,,,,13,11,,,,,,,,,,,1,54
200,2026-03-05 12:25:07,2026-03-05 12:25:49,41,1,EN-GB,1,,,,,,,,,13,10,,,,,,,2,30
201,2026-03-05 12:23:33,2026-03-05 12:25:52,139,1,EN-GB,1,12,7,,,,,,,,,,,,,,,2,66
202,2026-03-05 12:23:12,2026-03-05 12:25:53,161,1,EN-GB,1,,,,,,,,,,,,,13,12,,,1,64
203,2026-03-05 12:24:33,2026-03-05 12:26:09,96,1,EN-GB,1,,,,,,,,,,,,,,,1,1,2,50
204,2026-03-05 12:24:10,2026-03-05 12:26:38,148,1,EN-GB,1,,,,,,,,,,,,,,,1,1,2,45
205,2026-03-05 12:23:48,2026-03-05 12:26:42,173,1,EN-GB,1,,,,,,,,,,,7,2,,,,,1,43
206,2026-03-05 12:23:15,2026-03-05 12:26:43,207,1,EN-GB,1,,,1,1,,,,,,,,,,,,,1,21
207,2026-03-05 12:25:05,2026-03-05 12:27:01,115,1,EN-GB,1,,,,,,,3,2,,,,,,,,,1,31
208,2026-03-05 12:26:55,2026-03-05 12:27:59,64,1,EN-GB,1,,,,,,,,,13,13,,,,,,,3,31
209,2026-03-05 12:25:29,2026-03-05 12:28:02,152,1,EN-GB,1,,,,,11,11,,,,,,,,,,,2,44
210,2026-03-05 12:22:54,2026-03-05 12:28:09,314,1,EN-GB,1,,,,,,,2,2,,,,,,,,,2,38
211,2026-03-05 12:26:48,2026-03-05 12:28:16,87,1,EN-GB,1,,,2,1,,,,,,,,,,,,,2,57
212,2026-03-05 12:27:27,2026-03-05 12:28:24,57,1,EN-GB,1,13,13,,,,,,,,,,,,,,,1,34
213,2026-03-05 12:27:35,2026-03-05 12:28:35,60,1,EN-GB,1,,,,,,,,,,,1,1,,,,,2,26
214,2026-03-05 12:25:52,2026-03-05 12:28:56,184,1,EN-GB,1,,,,,,,,,13,13,,,,,,,1,36
215,2026-03-05 12:25:27,2026-03-05 12:29:03,215,1,EN-GB,1,,,,,,,,,,,,,13,13,,,1,24
216,2026-03-05 12:26:48,2026-03-05 12:29:19,151,1,EN-GB,1,,,,,,,,,,,1,1,,,,,1,48
217,2026-03-05 12:26:59,2026-03-05 12:29:59,180,1,EN-GB,1,10,11,,,,,,,,,,,,,,,2,61
218,2026-03-05 12:29:00,2026-03-05 12:30:26,86,1,EN-GB,1,,,3,1,,,,,,,,,,,,,2,45
219,2026-03-05 12:27:41,2026-03-05 12:31:53,251,1,EN-GB,1,,,,,,,,,,,,,,,3,1,2,62
220,2026-03-05 12:30:08,2026-03-05 12:32:19,130,1,EN-GB,1,,,,,,,,,,,,,11,8,,,2,23
221,2026-03-05 12:29:01,2026-03-05 12:32:56,234,1,EN-GB,1,,,,,,,7,10,,,,,,,,,2,30
222,2026-03-05 12:32:35,2026-03-05 12:33:08,32,1,EN-GB,1,,,,,,,,,9,4,,,,,,,2,21
223,2026-03-05 12:31:36,2026-03-05 12:33:17,100,1,EN-GB,1,,,,,12,12,,,,,,,,,,,1,51
224,2026-03-05 12:30:58,2026-03-05 12:33:30,151,1,EN-GB,1,,,,,,,,,13,13,,,,,,,2,19
225,2026-03-05 12:30:46,2026-03-05 12:33:34,168,1,EN-GB,1,,,2,2,,,,,,,,,,,,,1,31
226,2026-03-05 12:31:41,2026-03-05 12:33:49,128,1,EN-GB,1,,,,,,,,,,,,,13,13,,,1,48
227,2026-03-05 12:31:34,2026-03-05 12:33:54,139,1,EN-GB,1,,,,,,,,,,,,,,,1,1,1,41
228,2026-03-05 12:31:33,2026-03-05 12:34:03,150,1,EN-GB,1,,,,,,,1,1,,,,,,,,,2,31
229,2026-03-05 12:31:32,2026-03-05 12:34:09,156,1,EN-GB,1,,,,,,,5,5,,,,,,,,,2,41
230,2026-03-05 12:32:38,2026-03-05 12:34:15,96,1,EN-GB,1,,,,,,,,,,,,,,,6,6,2,60
231,2026-03-05 12:32:50,2026-03-05 12:34:15,84,1,EN-GB,1,,,,,,,,,,,,,13,12,,,2,39
232,2026-03-05 12:28:29,2026-03-05 12:34:29,360,1,EN-GB,1,12,11,,,,,,,,,,,,,,,1,43
233,2026-03-05 12:33:09,2026-03-05 12:34:41,91,1,EN-GB,1,13,11,,,,,,,,,,,,,,,1,31
234,2026-03-05 12:30:33,2026-03-05 12:34:45,252,1,EN-GB,1,,,,,13,13,,,,,,,,,,,2,42
235,2026-03-05 12:34:46,2026-03-05 12:35:47,61,1,EN-GB,1,,,,,12,12,,,,,,,,,,,2,36
236,2026-03-05 12:34:42,2026-03-05 12:36:29,107,1,EN-GB,1,,,,,12,9,,,,,,,,,,,2,33
237,2026-03-05 12:34:06,2026-03-05 12:36:38,151,1,EN-GB,1,,,1,1,,,,,,,,,,,,,2,41
238,2026-03-05 12:34:50,2026-03-05 12:36:48,117,1,EN-GB,1,,,,,,,,,,,,,12,11,,,2,45
239,2026-03-05 12:36:21,2026-03-05 12:37:28,67,1,EN-GB,1,,,1,1,,,,,,,,,,,,,1,31
240,2026-03-05 12:36:46,2026-03-05 12:38:11,85,1,EN-GB,1,,,,,,,1,1,,,,,,,,,2,42
241,2026-03-05 12:37:57,2026-03-05 12:38:57,60,1,EN-GB,1,,,,,,,,,,,,,,,5,2,2,43
242,2026-03-05 12:32:51,2026-03-05 12:39:16,384,1,EN-GB,1,8,8,,,,,,,,,,,,,,,2,34
243,2026-03-05 12:38:55,2026-03-05 12:39:27,31,1,EN-GB,1,,,,,7,7,,,,,,,,,,,2,22
244,2026-03-05 12:35:58,2026-03-05 12:39:27,208,1,EN-GB,1,,,,,,,,,,,3,2,,,,,1,73
245,2026-03-05 12:36:59,2026-03-05 12:39:27,148,1,EN-GB,1,,,,,,,,,13,7,,,,,,,1,59
246,2026-03-05 12:39:18,2026-03-05 12:40:23,65,1,EN-GB,1,,,,,,,,,13,10,,,,,,,2,34
247,2026-03-05 12:37:50,2026-03-05 12:40:34,163,1,EN-GB,1,,,,,,,,,,,,,10,9,,,2,33
248,2026-03-05 12:40:13,2026-03-05 12:41:36,83,1,EN-GB,1,,,,,,,2,2,,,,,,,,,1,34
249,2026-03-05 12:40:39,2026-03-05 12:41:37,57,1,EN-GB,1,,,,,,,,,13,13,,,,,,,1,29
250,2026-03-05 12:39:08,2026-03-05 12:41:52,163,1,EN-GB,1,13,13,,,,,,,,,,,,,,,2,45
251,2026-03-05 12:39:50,2026-03-05 12:41:56,126,1,EN-GB,1,13,13,,,,,,,,,,,,,,,2,29
252,2026-03-05 12:39:24,2026-03-05 12:41:57,152,1,EN-GB,1,,,,,,,,,,,2,2,,,,,2,59
253,2026-03-05 12:39:30,2026-03-05 12:41:57,146,1,EN-GB,1,,,,,,,,,,,,,,,1,1,1,48
254,2026-03-05 12:33:06,2026-03-05 12:42:07,540,1,EN-GB,1,,,,,,,,,,,1,2,,,,,2,50
255,2026-03-05 12:39:42,2026-03-05 12:42:35,173,1,EN-GB,1,,,1,2,,,,,,,,,,,,,1,59
256,2026-03-05 12:40:25,2026-03-05 12:43:14,168,1,EN-GB,1,,,,,,,1,1,,,,,,,,,1,58
257,2026-03-05 12:41:49,2026-03-05 12:43:27,97,1,EN-GB,1,,,,,,,,,,,,,11,11,,,2,49
258,2026-03-05 12:42:41,2026-03-05 12:44:01,79,1,EN-GB,1,,,7,12,,,,,,,,,,,,,2,27
259,2026-03-05 12:42:00,2026-03-05 12:44:28,148,1,EN-GB,1,,,,,,,,,,,1,1,,,,,1,42
260,2026-03-05 12:42:58,2026-03-05 12:44:49,110,1,EN-GB,1,,,,,11,9,,,,,,,,,,,2,40
261,2026-03-05 12:43:02,2026-03-05 12:45:10,128,1,EN-GB,1,,,,,,,1,1,,,,,,,,,1,62
262,2026-03-05 12:43:52,2026-03-05 12:46:14,141,1,EN-GB,1,,,,,,,,,,,,,7,4,,,1,47
263,2026-03-05 12:44:46,2026-03-05 12:46:42,116,1,EN-GB,1,,,2,1,,,,,,,,,,,,,1,33
264,2026-03-05 12:45:35,2026-03-05 12:46:48,72,1,EN-GB,1,,,,,,,,,13,13,,,,,,,1,22
265,2026-03-05 12:41:07,2026-03-05 12:47:10,362,1,EN-GB,1,,,,,,,,,,,,,,,1,1,2,32
266,2026-03-05 12:45:16,2026-03-05 12:47:29,133,1,EN-GB,1,,,,,,,,,,,,,,,1,1,2,52
267,2026-03-05 12:46:02,2026-03-05 12:47:57,115,1,EN-GB,1,10,11,,,,,,,,,,,,,,,2,75
268,2026-03-05 12:46:02,2026-03-05 12:48:02,120,1,EN-GB,1,,,1,1,,,,,,,,,,,,,1,54
269,2026-03-05 12:45:55,2026-03-05 12:48:15,140,1,EN-GB,1,,,,,,,,,,,1,1,,,,,1,26
270,2026-03-05 12:46:57,2026-03-05 12:48:19,82,1,EN-GB,1,,,,,,,,,,,,,13,13,,,2,39
271,2026-03-05 12:45:52,2026-03-05 12:48:20,148,1,EN-GB,1,13,13,,,,,,,,,,,,,,,1,64
272,2026-03-05 12:46:08,2026-03-05 12:48:24,135,1,EN-GB,1,,,,,,,,,,,1,3,,,,,2,43
273,2026-03-05 12:47:12,2026-03-05 12:48:37,84,1,EN-GB,1,,,,,,,,,,,,,,,2,2,2,51
274,2026-03-05 12:46:37,2026-03-05 12:48:43,126,1,EN-GB,1,,,,,,,1,1,,,,,,,,,1,37
275,2026-03-05 12:45:47,2026-03-05 12:48:47,180,1,EN-GB,1,,,,,11,11,,,,,,,,,,,1,44
276,2026-03-05 12:47:27,2026-03-05 12:49:30,123,1,EN-GB,1,13,13,,,,,,,,,,,,,,,1,23
277,2026-03-05 12:47:39,2026-03-05 12:49:36,116,1,EN-GB,1,,,,,,,,,13,7,,,,,,,1,32
278,2026-03-05 12:47:23,2026-03-05 12:49:45,142,1,EN-GB,1,,,,,8,7,,,,,,,,,,,2,22
279,2026-03-05 12:48:59,2026-03-05 12:49:48,49,1,EN-GB,1,,,,,,,,,,,,,,,1,1,1,24
280,2026-03-05 12:45:25,2026-03-05 12:49:53,268,1,EN-GB,1,,,,,,,,,13,7,,,,,,,1,43
281,2026-03-05 12:47:33,2026-03-05 12:50:07,154,1,EN-GB,1,,,,,,,,,,,,,12,10,,,2,32
282,2026-03-05 12:49:09,2026-03-05 12:50:17,68,1,EN-GB,1,,,,,,,1,1,,,,,,,,,3,31
283,2026-03-05 12:47:43,2026-03-05 12:50:38,174,1,EN-GB,1,,,,,11,10,,,,,,,,,,,1,59
284,2026-03-05 12:49:38,2026-03-05 12:51:14,95,1,EN-GB,1,,,,,,,,,13,13,,,,,,,1,70
285,2026-03-05 12:49:24,2026-03-05 12:51:30,125,1,EN-GB,1,,,2,2,,,,,,,,,,,,,1,49
286,2026-03-05 12:49:19,2026-03-05 12:51:37,138,1,EN-GB,1,,,,,,,,,,,3,3,,,,,2,26
287,2026-03-05 12:49:19,2026-03-05 12:51:40,141,1,EN-GB,1,,,,,13,12,,,,,,,,,,,1,30
288,2026-03-05 12:50:08,2026-03-05 12:51:45,96,1,EN-GB,1,,,,,,,,,,,,,5,4,,,2,37
289,2026-03-05 12:51:07,2026-03-05 12:52:10,62,1,EN-GB,1,,,,,,,1,1,,,,,,,,,2,26
290,2026-03-05 12:50:44,2026-03-05 12:52:15,90,1,EN-GB,1,,,2,1,,,,,,,,,,,,,1,43
291,2026-03-05 12:51:31,2026-03-05 12:53:09,97,1,EN-GB,1,,,,,9,8,,,,,,,,,,,1,22
292,2026-03-05 12:49:56,2026-03-05 12:53:18,201,1,EN-GB,1,,,,,,,,,,,,,,,1,1,1,33
293,2026-03-05 12:49:39,2026-03-05 12:53:23,224,1,EN-GB,1,13,12,,,,,,,,,,,,,,,2,30
294,2026-03-05 12:51:33,2026-03-05 12:53:38,125,1,EN-GB,1,,,2,1,,,,,,,,,,,,,2,56
295,2026-03-05 12:52:31,2026-03-05 12:53:39,68,1,EN-GB,1,,,,,,,,,,,,,,,1,1,2,47
296,2026-03-05 12:51:46,2026-03-05 12:54:05,138,1,EN-GB,1,,,,,,,10,10,,,,,,,,,2,52
297,2026-03-05 12:50:24,2026-03-05 12:54:06,222,1,EN-GB,1,,,,,,,,,13,7,,,,,,,1,74
298,2026-03-05 12:50:35,2026-03-05 12:54:11,216,1,EN-GB,1,,,,,,,,,,,1,1,,,,,2,30
299,2026-03-05 12:52:42,2026-03-05 12:54:42,120,1,EN-GB,1,,,,,,,,,,,1,1,,,,,2,51
300,2026-03-05 12:53:06,2026-03-05 12:54:43,97,1,EN-GB,1,11,10,,,,,,,,,,,,,,,1,30
301,2026-03-05 12:53:11,2026-03-05 12:54:49,98,1,EN-GB,1,,,,,,,,,,,,,11,7,,,2,42
302,2026-03-05 12:53:52,2026-03-05 12:54:54,62,1,EN-GB,1,,,,,,,,,,,,,,,1,1,2,41
303,2026-03-05 12:54:15,2026-03-05 12:55:52,97,1,EN-GB,1,,,,,,,1,1,,,,,,,,,2,34
304,2026-03-05 12:53:27,2026-03-05 12:56:04,157,1,EN-GB,1,,,,,,,,,,,1,1,,,,,1,37
305,2026-03-05 12:54:07,2026-03-05 12:56:06,119,1,EN-GB,1,,,,,,,,,13,13,,,,,,,1,61
306,2026-03-05 12:54:22,2026-03-05 12:56:10,108,1,EN-GB,1,,,1,1,,,,,,,,,,,,,1,36
307,2026-03-05 12:54:30,2026-03-05 12:56:59,148,1,EN-GB,1,13,10,,,,,,,,,,,,,,,1,32
308,2026-03-05 12:51:47,2026-03-05 12:57:01,313,1,EN-GB,1,,,,,11,10,,,,,,,,,,,1,60
309,2026-03-05 12:55:53,2026-03-05 12:57:02,68,1,EN-GB,1,,,,,,,,,9,7,,,,,,,1,57
310,2026-03-05 12:55:43,2026-03-05 12:57:03,80,1,EN-GB,1,12,10,,,,,,,,,,,,,,,1,24
311,2026-03-05 12:55:41,2026-03-05 12:57:10,89,1,EN-GB,1,,,,,,,1,1,,,,,,,,,1,23
312,2026-03-05 12:55:36,2026-03-05 12:57:36,120,1,EN-GB,1,,,,,,,,,,,,,9,10,,,1,34
313,2026-03-05 12:56:59,2026-03-05 12:57:47,47,1,EN-GB,1,,,,,,,,,,,,,,,3,2,2,30
314,2026-03-05 12:54:58,2026-03-05 12:57:51,172,1,EN-GB,1,,,,,,,,,,,,,13,13,,,2,57
315,2026-03-05 12:56:05,2026-03-05 12:58:06,120,1,EN-GB,1,,,,,,,,,,,2,1,,,,,1,22
316,2026-03-05 12:57:00,2026-03-05 12:58:16,76,1,EN-GB,1,,,,,,,,,,,11,11,,,,,1,21
317,2026-03-05 12:55:13,2026-03-05 12:58:26,192,1,EN-GB,1,,,,,13,12,,,,,,,,,,,2,36
318,2026-03-05 12:56:48,2026-03-05 12:58:53,125,1,EN-GB,1,,,3,3,,,,,,,,,,,,,2,46
319,2026-03-05 12:57:05,2026-03-05 12:58:55,109,1,EN-GB,1,13,12,,,,,,,,,,,,,,,2,31
320,2026-03-05 12:57:50,2026-03-05 12:59:30,99,1,EN-GB,1,,,,,,,,,13,11,,,,,,,1,21
321,2026-03-05 12:58:03,2026-03-05 12:59:43,99,1,EN-GB,1,,,,,,,,,,,,,,,1,1,2,34
322,2026-03-05 12:58:33,2026-03-05 13:00:13,100,1,EN-GB,1,,,1,1,,,,,,,,,,,,,1,24
323,2026-03-05 12:58:15,2026-03-05 13:00:21,125,1,EN-GB,1,,,,,10,10,,,,,,,,,,,2,44
324,2026-03-05 12:58:14,2026-03-05 13:00:26,131,1,EN-GB,1,,,2,2,,,,,,,,,,,,,2,39
325,2026-03-05 12:58:31,2026-03-05 13:00:29,117,1,EN-GB,1,,,,,13,13,,,,,,,,,,,1,51
326,2026-03-05 12:58:19,2026-03-05 13:00:35,136,1,EN-GB,1,,,,,,,2,1,,,,,,,,,1,27
327,2026-03-05 12:59:39,2026-03-05 13:01:21,101,1,EN-GB,1,,,,,,,,,13,13,,,,,,,2,30
328,2026-03-05 12:59:46,2026-03-05 13:01:20,94,1,EN-GB,1,,,,,,,,,,,,,,,2,1,2,47
329,2026-03-05 12:55:17,2026-03-05 13:01:29,371,1,EN-GB,1,,,,,,,,,,,,,11,13,,,2,39
330,2026-03-05 13:00:20,2026-03-05 13:02:05,105,1,EN-GB,1,,,,,,,,,,,1,1,,,,,2,38
331,2026-03-05 12:57:57,2026-03-05 13:02:32,274,1,EN-GB,1,,,,,,,,,,,,,,,1,1,1,38
332,2026-03-05 13:00:29,2026-03-05 13:02:37,127,1,EN-GB,1,,,,,,,,,,,,,11,11,,,1,35
333,2026-03-05 12:59:00,2026-03-05 13:02:43,222,1,EN-GB,1,12,12,,,,,,,,,,,,,,,2,47
334,2026-03-05 12:59:01,2026-03-05 13:02:46,224,1,EN-GB,1,,,,,,,,,,,,,10,8,,,2,34
335,2026-03-05 12:55:37,2026-03-05 13:02:47,430,1,EN-GB,1,,,,,,,1,1,,,,,,,,,1,38
336,2026-03-05 12:59:52,2026-03-05 13:03:32,219,1,EN-GB,1,,,,,13,10,,,,,,,,,,,1,56
337,2026-03-05 13:02:14,2026-03-05 13:03:38,83,1,EN-GB,1,,,1,1,,,,,,,,,,,,,1,39
338,2026-03-05 13:02:20,2026-03-05 13:03:42,82,1,EN-GB,1,,,2,3,,,,,,,,,,,,,1,42
339,2026-03-05 13:01:37,2026-03-05 13:03:50,132,1,EN-GB,1,,,,,,,,,,,3,3,,,,,2,29
340,2026-03-05 12:53:23,2026-03-05 13:03:57,634,1,EN-GB,1,,,,,,,,,12,11,,,,,,,2,40
341,2026-03-05 12:59:14,2026-03-05 13:04:13,299,1,EN-GB,1,,,,,,,2,2,,,,,,,,,2,78
342,2026-03-05 13:02:30,2026-03-05 13:04:14,104,1,EN-GB,1,,,,,,,1,1,,,,,,,,,1,53
343,2026-03-05 12:58:57,2026-03-05 13:04:25,327,1,EN-GB,1,13,12,,,,,,,,,,,,,,,2,63
344,2026-03-05 13:02:48,2026-03-05 13:05:32,163,1,EN-GB,1,,,,,13,12,,,,,,,,,,,1,53
345,2026-03-05 13:04:11,2026-03-05 13:05:44,93,1,EN-GB,1,,,,,,,,,,,,,13,13,,,2,73
346,2026-03-05 13:01:45,2026-03-05 13:06:01,256,1,EN-GB,1,,,,,,,,,10,9,,,,,,,1,45
347,2026-03-05 13:05:15,2026-03-05 13:06:18,62,1,EN-GB,1,,,,,,,,,,,,,,,1,1,1,26
348,2026-03-05 13:04:05,2026-03-05 13:06:21,135,1,EN-GB,1,,,,,,,,,,,,,,,1,1,2,35
349,2026-03-05 13:05:00,2026-03-05 13:06:33,92,1,EN-GB,1,,,,,,,,,,,,,9,9,,,2,19
350,2026-03-05 13:05:19,2026-03-05 13:06:56,96,1,EN-GB,1,,,,,7,8,,,,,,,,,,,1,30
351,2026-03-05 13:04:38,2026-03-05 13:07:03,145,1,EN-GB,1,13,13,,,,,,,,,,,,,,,2,60
352,2026-03-05 13:00:38,2026-03-05 13:07:22,403,1,EN-GB,1,,,,,,,,,,,1,1,,,,,2,32
353,2026-03-05 13:05:53,2026-03-05 13:08:04,130,1,EN-GB,1,,,1,1,,,,,,,,,,,,,2,30
354,2026-03-05 13:06:04,2026-03-05 13:08:06,121,1,EN-GB,1,12,12,,,,,,,,,,,,,,,2,32
355,2026-03-05 13:05:32,2026-03-05 13:08:23,170,1,EN-GB,1,,,,,,,,,,,3,3,,,,,2,66
356,2026-03-05 13:08:13,2026-03-05 13:09:11,58,1,EN-GB,1,,,,,,,,,,,,,,,1,1,2,43
357,2026-03-05 13:07:30,2026-03-05 13:09:21,110,1,EN-GB,1,,,,,,,,,13,12,,,,,,,2,52
358,2026-03-05 13:08:02,2026-03-05 13:09:21,79,1,EN-GB,1,,,,,,,1,4,,,,,,,,,2,24
359,2026-03-05 13:08:36,2026-03-05 13:09:33,56,1,EN-GB,1,,,,,,,,,13,7,,,,,,,1,45
360,2026-03-05 13:09:09,2026-03-05 13:10:29,79,1,EN-GB,1,,,,,10,9,,,,,,,,,,,1,33
361,2026-03-05 13:08:49,2026-03-05 13:10:41,112,1,EN-GB,1,,,11,10,,,,,,,,,,,,,1,56
362,2026-03-05 13:10:09,2026-03-05 13:11:04,55,1,EN-GB,1,13,13,,,,,,,,,,,,,,,2,37
363,2026-03-05 13:10:04,2026-03-05 13:11:37,93,1,EN-GB,1,,,,,13,13,,,,,,,,,,,1,25
364,2026-03-05 13:08:33,2026-03-05 13:11:49,196,1,EN-GB,1,,,,,,,,,,,1,1,,,,,2,28
365,2026-03-05 13:10:26,2026-03-05 13:12:00,93,1,EN-GB,1,,,,,,,,,,,1,1,,,,,2,36
366,2026-03-05 13:09:58,2026-03-05 13:12:08,129,1,EN-GB,1,,,,,,,,,,,,,,,1,1,1,70
367,2026-03-05 13:05:09,2026-03-05 13:12:12,422,1,EN-GB,1,,,,,,,,,,,,,13,13,,,2,36
368,2026-03-05 13:10:17,2026-03-05 13:12:25,128,1,EN-GB,1,,,,,,,2,2,,,,,,,,,1,58
369,2026-03-05 13:10:44,2026-03-05 13:12:27,102,1,EN-GB,1,,,,,,,,,,,,,13,7,,,1,50
370,2026-03-05 13:09:58,2026-03-05 13:12:31,153,1,EN-GB,1,,,,,,,1,1,,,,,,,,,1,37
371,2026-03-05 13:11:36,2026-03-05 13:13:06,90,1,EN-GB,1,,,,,,,,,10,10,,,,,,,2,36
372,2026-03-05 13:11:44,2026-03-05 13:13:37,113,1,EN-GB,1,13,13,,,,,,,,,,,,,,,2,66
373,2026-03-05 13:11:24,2026-03-05 13:13:50,145,1,EN-GB,1,,,1,1,,,,,,,,,,,,,1,38
374,2026-03-05 13:12:27,2026-03-05 13:13:55,88,1,EN-GB,1,,,,,,,,,,,,,,,3,1,1,49
375,2026-03-05 13:11:22,2026-03-05 13:14:09,166,1,EN-GB,1,,,,,13,13,,,,,,,,,,,1,41
376,2026-03-05 13:13:14,2026-03-05 13:14:47,92,1,EN-GB,1,,,,,,,,,,,,,13,13,,,1,33
377,2026-03-05 13:14:01,2026-03-05 13:15:43,102,1,EN-GB,1,,,,,,,,,,,1,1,,,,,2,53
378,2026-03-05 13:13:23,2026-03-05 13:15:55,151,1,EN-GB,1,,,,,,,1,1,,,,,,,,,2,45
379,2026-03-05 13:04:47,2026-03-05 13:16:25,697,1,EN-GB,1,,,2,2,,,,,,,,,,,,,2,47
380,2026-03-05 13:11:04,2026-03-05 13:16:26,321,1,EN-GB,1,11,12,,,,,,,,,,,,,,,1,33
381,2026-03-05 13:15:45,2026-03-05 13:16:54,69,1,EN-GB,1,12,11,,,,,,,,,,,,,,,3,18
382,2026-03-05 13:15:05,2026-03-05 13:17:09,123,1,EN-GB,1,,,,,,,1,1,,,,,,,,,1,45
383,2026-03-05 13:13:11,2026-03-05 13:18:02,290,1,EN-GB,1,,,,,,,,,10,10,,,,,,,1,39
384,2026-03-05 13:16:24,2026-03-05 13:18:53,148,1,EN-GB,1,,,,,,,,,,,,,,,3,3,2,32
385,2026-03-05 13:18:01,2026-03-05 13:19:04,62,1,EN-GB,1,,,,,11,11,,,,,,,,,,,1,50
386,2026-03-05 13:17:53,2026-03-05 13:19:45,111,1,EN-GB,1,,,,,,,,,,,13,13,,,,,2,53
387,2026-03-05 13:18:33,2026-03-05 13:19:56,82,1,EN-GB,1,,,1,1,,,,,,,,,,,,,2,35
388,2026-03-05 13:15:52,2026-03-05 13:20:12,259,1,EN-GB,1,,,,,,,,,13,13,,,,,,,1,71
389,2026-03-05 13:19:29,2026-03-05 13:20:39,69,1,EN-GB,1,,,,,,,,,10,10,,,,,,,1,35
390,2026-03-05 13:18:03,2026-03-05 13:20:47,163,1,EN-GB,1,,,,,,,,,,,,,8,8,,,1,25
391,2026-03-05 13:19:16,2026-03-05 13:20:52,96,1,EN-GB,1,,,,,,,,,,,,,,,1,1,1,39
392,2026-03-05 13:19:54,2026-03-05 13:21:05,70,1,EN-GB,1,,,,,,,1,1,,,,,,,,,1,41
393,2026-03-05 13:20:07,2026-03-05 13:21:56,108,1,EN-GB,1,,,3,1,,,,,,,,,,,,,2,41
394,2026-03-05 13:21:21,2026-03-05 13:22:26,65,1,EN-GB,1,,,,,,,,,,,1,1,,,,,1,32
395,2026-03-05 13:21:06,2026-03-05 13:22:46,99,1,EN-GB,1,,,,,13,13,,,,,,,,,,,2,43
396,2026-03-05 13:18:10,2026-03-05 13:23:08,298,1,EN-GB,1,,,,,,,,,,,1,1,,,,,1,65
397,2026-03-05 13:22:15,2026-03-05 13:23:20,65,1,EN-GB,1,,,,,,,,,,,,,,,1,1,1,30
398,2026-03-05 13:21:47,2026-03-05 13:23:21,94,1,EN-GB,1,,,,,,,,,,,,,8,10,,,2,39
399,2026-03-05 13:21:16,2026-03-05 13:23:45,149,1,EN-GB,1,,,,,,,,,12,13,,,,,,,2,29
400,2026-03-05 13:17:46,2026-03-05 13:24:14,388,1,EN-GB,1,10,10,,,,,,,,,,,,,,,2,27
401,2026-03-05 13:17:04,2026-03-05 13:24:18,434,1,EN-GB,1,13,13,,,,,,,,,,,,,,,1,44
402,2026-03-05 13:23:05,2026-03-05 13:24:36,91,1,EN-GB,1,,,,,,,2,2,,,,,,,,,2,37
403,2026-03-05 13:23:50,2026-03-05 13:25:02,72,1,EN-GB,1,,,1,1,,,,,,,,,,,,,2,40
404,2026-03-05 13:23:52,2026-03-05 13:25:09,76,1,EN-GB,1,,,,,10,10,,,,,,,,,,,1,32
405,2026-03-05 13:11:52,2026-03-05 13:26:07,854,1,EN-GB,1,,,,,,,,,,,,,12,11,,,2,29
406,2026-03-05 13:24:37,2026-03-05 13:27:14,156,1,EN-GB,1,9,12,,,,,,,,,,,,,,,2,41
407,2026-03-05 13:26:57,2026-03-05 13:28:09,71,1,EN-GB,1,,,,,11,7,,,,,,,,,,,1,45
408,2026-03-05 13:27:06,2026-03-05 13:28:32,85,1,EN-GB,1,,,,,,,,,,,,,,,1,1,1,36
409,2026-03-05 13:27:22,2026-03-05 13:28:42,80,1,EN-GB,1,,,4,7,,,,,,,,,,,,,1,54
410,2026-03-05 13:27:45,2026-03-05 13:28:46,61,1,EN-GB,1,,,,,,,,,,,1,1,,,,,1,46
411,2026-03-05 13:27:09,2026-03-05 13:29:14,125,1,EN-GB,1,,,,,,,6,6,,,,,,,,,1,38
412,2026-03-05 13:27:47,2026-03-05 13:29:36,108,1,EN-GB,1,,,,,,,,,12,12,,,,,,,2,43
413,2026-03-05 13:26:14,2026-03-05 13:29:39,205,1,EN-GB,1,,,,,,,,,,,1,2,,,,,2,30
414,2026-03-05 13:28:18,2026-03-05 13:29:51,92,1,EN-GB,1,,,,,,,3,4,,,,,,,,,2,61
415,2026-03-05 13:29:06,2026-03-05 13:29:55,48,1,EN-GB,1,,,,,13,7,,,,,,,,,,,2,52
416,2026-03-05 13:28:30,2026-03-05 13:30:07,97,1,EN-GB,1,,,,,,,,,,,,,,,2,1,2,38
417,2026-03-05 13:26:19,2026-03-05 13:30:10,231,1,EN-GB,1,11,11,,,,,,,,,,,,,,,2,24
418,2026-03-05 13:28:11,2026-03-05 13:30:24,133,1,EN-GB,1,,,2,2,,,,,,,,,,,,,1,33
419,2026-03-05 13:28:29,2026-03-05 13:31:52,202,1,EN-GB,1,,,,,,,,,,,,,10,8,,,1,43
420,2026-03-05 13:30:27,2026-03-05 13:32:10,102,1,EN-GB,1,,,,,,,,,11,11,,,,,,,1,58
421,2026-03-05 13:32:36,2026-03-05 13:33:45,68,1,EN-GB,1,,,,,,,,,10,9,,,,,,,2,38
422,2026-03-05 13:33:06,2026-03-05 13:33:58,51,1,EN-GB,1,,,,,,,3,2,,,,,,,,,2,26
423,2026-03-05 13:31:21,2026-03-05 13:36:07,286,1,EN-GB,1,,,,,12,12,,,,,,,,,,,2,57
424,2026-03-05 13:34:36,2026-03-05 13:36:17,101,1,EN-GB,1,,,,,,,,,,,,,,,1,1,2,40
425,2026-03-05 13:34:40,2026-03-05 13:36:48,128,1,EN-GB,1,,,,,,,,,,,,,11,10,,,3,32
426,2026-03-05 13:35:16,2026-03-05 13:36:58,102,1,EN-GB,1,,,,,,,,,,,1,1,,,,,1,24
427,2026-03-05 13:35:49,2026-03-05 13:37:08,79,1,EN-GB,1,,,2,2,,,,,,,,,,,,,1,63
428,2026-03-05 13:35:45,2026-03-05 13:37:38,113,1,EN-GB,1,11,10,,,,,,,,,,,,,,,1,51
429,2026-03-05 13:36:08,2026-03-05 13:38:12,123,1,EN-GB,1,,,,,,,,,,,,,13,13,,,1,47
430,2026-03-05 13:37:52,2026-03-05 13:38:53,61,1,EN-GB,1,,,,,8,8,,,,,,,,,,,2,44
431,2026-03-05 13:36:50,2026-03-05 13:39:02,132,1,EN-GB,1,,,1,1,,,,,,,,,,,,,1,30
432,2026-03-05 13:36:26,2026-03-05 13:39:04,157,1,EN-GB,1,,,,,,,,,13,9,,,,,,,1,51
433,2026-03-05 13:37:34,2026-03-05 13:39:29,114,1,EN-GB,1,,,,,,,,,,,1,2,,,,,1,66
434,2026-03-05 13:38:58,2026-03-05 13:40:05,66,1,EN-GB,1,,,,,,,,,,,,,,,1,1,1,29
435,2026-03-05 13:39:35,2026-03-05 13:40:27,52,1,EN-GB,1,13,11,,,,,,,,,,,,,,,2,38
436,2026-03-05 13:42:19,2026-03-05 13:44:03,103,1,EN-GB,1,,,,,,,,,,,,,,,1,1,1,52
437,2026-03-05 13:41:26,2026-03-05 13:44:28,181,1,EN-GB,1,,,,,,,3,1,,,,,,,,,1,28
438,2026-03-05 13:41:25,2026-03-05 13:46:01,275,1,EN-GB,1,,,2,2,,,,,,,,,,,,,1,42
439,2026-03-05 13:45:37,2026-03-05 13:46:50,72,1,EN-GB,1,,,,,,,,,,,1,1,,,,,1,45
440,2026-03-05 13:45:15,2026-03-05 13:48:24,189,1,EN-GB,1,,,,,10,9,,,,,,,,,,,1,57
441,2026-03-05 13:46:56,2026-03-05 13:48:47,110,1,EN-GB,1,,,,,,,1,1,,,,,,,,,2,57
442,2026-03-05 13:46:59,2026-03-05 13:49:02,122,1,EN-GB,1,,,,,,,,,11,11,,,,,,,2,36
443,2026-03-05 13:49:19,2026-03-05 13:51:19,120,1,EN-GB,1,,,,,,,,,,,,,13,13,,,1,47
444,2026-03-05 13:50:58,2026-03-05 13:52:08,69,1,EN-GB,1,9,9,,,,,,,,,,,,,,,2,33
445,2026-03-05 13:52:49,2026-03-05 13:53:59,70,1,EN-GB,1,13,13,,,,,,,,,,,,,,,2,40
446,2026-03-05 13:50:43,2026-03-05 13:54:05,201,1,EN-GB,1,,,,,,,1,1,,,,,,,,,2,34
447,2026-03-05 13:53:47,2026-03-05 13:57:00,192,1,EN-GB,1,,,,,,,,,13,13,,,,,,,1,50
448,2026-03-05 13:55:14,2026-03-05 13:57:19,125,1,EN-GB,1,,,,,,,,,,,,,13,12,,,1,35
449,2026-03-05 13:55:41,2026-03-05 13:57:25,104,1,EN-GB,1,,,,,11,10,,,,,,,,,,,2,25
450,2026-03-05 13:58:55,2026-03-05 14:00:27,91,1,EN-GB,1,,,,,,,,,,,2,2,,,,,1,44
451,2026-03-05 13:57:44,2026-03-05 14:00:35,171,1,EN-GB,1,,,1,1,,,,,,,,,,,,,1,61
452,2026-03-05 13:59:12,2026-03-05 14:01:26,133,1,EN-GB,1,,,,,,,,,,,,,,,2,1,2,51
453,2026-03-05 14:00:39,2026-03-05 14:02:08,88,1,EN-GB,1,,,,,,,,,11,10,,,,,,,2,45
454,2026-03-05 14:02:22,2026-03-05 14:04:14,112,1,EN-GB,1,,,,,,,,,,,5,5,,,,,1,31
455,2026-03-05 14:02:16,2026-03-05 14:04:22,125,1,EN-GB,1,,,2,1,,,,,,,,,,,,,2,22
456,2026-03-05 14:04:14,2026-03-05 14:06:46,151,1,EN-GB,1,,,,,,,,,,,,,13,11,,,1,59
457,2026-03-05 14:05:50,2026-03-05 14:07:07,76,1,EN-GB,1,13,12,,,,,,,,,,,,,,,1,27
458,2026-03-05 14:06:06,2026-03-05 14:07:25,78,1,EN-GB,1,,,,,13,13,,,,,,,,,,,1,63
459,2026-03-05 14:06:31,2026-03-05 14:10:30,238,1,EN-GB,1,,,,,,,,,,,,,,,8,8,2,22
460,2026-03-05 14:09:47,2026-03-05 14:11:00,72,1,EN-GB,1,,,,,,,1,1,,,,,,,,,1,23
461,2026-03-05 14:13:29,2026-03-05 14:16:06,156,1,EN-GB,1,,,,,,,,,,,,,13,13,,,1,68
462,2026-03-05 14:14:49,2026-03-05 14:16:14,85,1,EN-GB,1,,,,,,,,,12,11,,,,,,,2,46
463,2026-03-05 14:19:15,2026-03-05 14:20:24,69,1,EN-GB,1,,,,,,,1,1,,,,,,,,,4,30
464,2026-03-05 14:15:04,2026-03-05 14:21:08,363,1,EN-GB,1,,,,,,,,,,,7,7,,,,,1,25
465,2026-03-05 14:18:35,2026-03-05 14:21:22,167,1,EN-GB,1,,,1,1,,,,,,,,,,,,,2,35
466,2026-03-05 14:18:50,2026-03-05 14:26:32,461,1,EN-GB,1,,,,,,,,,,,,,,,1,1,2,38
467,2026-03-05 14:25:17,2026-03-05 14:27:37,139,1,EN-GB,1,,,,,13,11,,,,,,,,,,,2,23
468,2026-03-05 14:27:10,2026-03-05 14:28:17,66,1,EN-GB,1,8,8,,,,,,,,,,,,,,,2,31
469,2026-03-05 14:27:48,2026-03-05 14:29:16,87,1,EN-GB,1,9,9,,,,,,,,,,,,,,,2,66
470,2026-03-05 14:29:34,2026-03-05 14:31:12,98,1,EN-GB,1,,,,,,,,,,,,,13,13,,,2,57
471,2026-03-05 14:29:24,2026-03-05 14:31:13,108,1,EN-GB,1,,,1,1,,,,,,,,,,,,,1,27
472,2026-03-05 14:35:16,2026-03-05 14:37:02,105,1,EN-GB,1,,,,,11,9,,,,,,,,,,,2,36
473,2026-03-05 14:37:27,2026-03-05 14:39:37,130,1,EN-GB,1,,,,,,,,,13,13,,,,,,,2,44
474,2026-03-05 14:41:25,2026-03-05 14:42:58,93,1,EN-GB,1,,,,,,,1,1,,,,,,,,,1,81
475,2026-03-05 14:41:15,2026-03-05 14:43:22,126,1,EN-GB,1,,,,,,,,,,,,,,,1,1,1,39
476,2026-03-05 14:49:39,2026-03-05 14:51:13,94,1,EN-GB,1,,,,,,,,,,,3,1,,,,,2,38
477,2026-03-05 14:54:46,2026-03-05 14:56:27,100,1,EN-GB,1,10,8,,,,,,,,,,,,,,,1,25
478,2026-03-05 14:53:05,2026-03-05 14:57:17,252,1,EN-GB,1,,,,,,,,,,,,,11,9,,,2,42
479,2026-03-05 15:13:10,2026-03-05 15:14:01,50,1,EN-GB,1,,,,,,,,,,,,,,,1,1,1,19
480,2026-03-05 15:15:42,2026-03-05 15:17:13,91,1,EN-GB,1,,,,,,,3,1,,,,,,,,,2,62
481,2026-03-05 15:15:35,2026-03-05 15:18:17,161,1,EN-GB,1,,,,,13,13,,,,,,,,,,,1,63
